author_id,cumulative_cited_by,author_name,affiliations,countries,number_of_articles,hysteresis,reflexivity_beck,reflexivity_ethnography,social_space,reflexivity_critical,symbolic_capital,reflexivity,cultural_production,doxa,emotional_capital,autonomy,reflexivity_standpoint,reflexivity_feminist,reflexivity_lynch,embodied_capital,reproduction,reflexivity_giddens,practice,reflexivity_lash,reflexivity_bourdieu,field_theory,cultural_capital,social_capital,illusio,relational_sociology,reflexivity_harding,body_capital,symbolic_power,reflexivity_intersectional,disposition,habitus,structural_homology
23110549400,6801.0,"emirbayer, mustafa",department of sociology; university of wisconsin; university of wisconsin at madison; university of wisconsin-madison; university of wisconsinâmadison,united states,10,0.0,0.0,0.0,51.0,1.0,1.0,80.0,30.0,24.0,2.0,2.0,1.0,0.0,0.0,1.0,17.0,2.0,11.0,0.0,0.0,49.0,6.0,1.0,4.0,9.0,0.0,1.0,7.0,0.0,5.0,74.0,12.0
8765086900,4162.0,"mische, ann",,,1,0.0,0.0,0.0,0.0,0.0,0.0,0.0,0.0,0.0,0.0,0.0,0.0,0.0,0.0,0.0,0.0,0.0,0.0,0.0,0.0,0.0,0.0,0.0,0.0,0.0,0.0,0.0,0.0,0.0,0.0,0.0,0.0
6602617165,4128.0,"reckwitz, andreas",university of hamburg,germany,1,0.0,0.0,0.0,0.0,0.0,0.0,1.0,0.0,0.0,0.0,0.0,0.0,0.0,0.0,0.0,5.0,0.0,60.0,0.0,0.0,0.0,0.0,0.0,0.0,0.0,0.0,1.0,0.0,0.0,3.0,1.0,0.0
6701599344,3722.0,"burawoy, michael",university of california,united states,6,0.0,0.0,5.0,0.0,1.0,0.0,64.0,0.0,2.0,0.0,6.0,0.0,0.0,0.0,0.0,6.0,0.0,0.0,0.0,0.0,6.0,1.0,0.0,0.0,1.0,2.0,0.0,2.0,0.0,0.0,14.0,1.0
6603606709,3453.0,"warde, alan",school of social sciences; university of manchester,united kingdom,13,0.0,0.0,0.0,23.0,0.0,3.0,1.0,1.0,3.0,0.0,4.0,0.0,0.0,0.0,0.0,28.0,4.0,20.0,0.0,0.0,9.0,104.0,148.0,0.0,1.0,0.0,0.0,0.0,0.0,2.0,11.0,3.0
6603831111,3194.0,"wacquant, loÃ¯c",university of california; university of california-berkeley,france; united states,16,1.0,2.0,1.0,51.0,0.0,6.0,29.0,3.0,6.0,0.0,2.0,0.0,0.0,0.0,39.0,35.0,1.0,14.0,0.0,0.0,14.0,9.0,2.0,2.0,1.0,0.0,3.0,6.0,0.0,5.0,112.0,6.0
12805599900,2574.0,"van dijk, teun a.",university of amsterdam,netherlands,1,0.0,0.0,0.0,0.0,0.0,0.0,0.0,0.0,0.0,0.0,0.0,0.0,0.0,0.0,0.0,0.0,0.0,0.0,0.0,0.0,0.0,0.0,0.0,0.0,0.0,0.0,0.0,0.0,0.0,0.0,0.0,0.0
6603831255,2511.0,"fligstein, neil",university of california; university of california-berkeley,united states,7,0.0,0.0,0.0,16.0,0.0,0.0,2.0,1.0,3.0,0.0,0.0,0.0,0.0,0.0,0.0,28.0,0.0,1.0,0.0,0.0,1.0,0.0,0.0,1.0,0.0,0.0,1.0,0.0,0.0,1.0,6.0,1.0
6602132083,2473.0,"bonilla-silva, eduardo",duke university; university of michigan,united states,4,0.0,0.0,0.0,14.0,0.0,0.0,3.0,0.0,0.0,0.0,1.0,0.0,0.0,0.0,0.0,5.0,0.0,0.0,0.0,0.0,0.0,0.0,0.0,0.0,0.0,0.0,0.0,0.0,2.0,0.0,51.0,0.0
6603686346,2422.0,"lareau, annette",temple university; university of pennsylvania,united states,7,0.0,0.0,0.0,2.0,0.0,0.0,0.0,0.0,3.0,0.0,0.0,0.0,0.0,0.0,0.0,39.0,0.0,0.0,0.0,0.0,1.0,70.0,10.0,0.0,0.0,0.0,0.0,0.0,0.0,1.0,43.0,0.0
55178845900,2411.0,"wang, ning",zhongshan university,china,1,0.0,0.0,0.0,0.0,0.0,0.0,0.0,0.0,1.0,0.0,0.0,0.0,0.0,0.0,0.0,5.0,0.0,0.0,0.0,0.0,0.0,0.0,0.0,2.0,0.0,0.0,0.0,0.0,0.0,0.0,1.0,0.0
7202386828,2345.0,"savage, mike",department of sociology; london school of economics; lse; manchester university; school of social sciences; university of manchester; university of york,united kingdom,27,2.0,5.0,0.0,26.0,0.0,2.0,28.0,29.0,9.0,0.0,8.0,0.0,0.0,0.0,0.0,35.0,2.0,6.0,0.0,0.0,22.0,274.0,231.0,0.0,4.0,0.0,0.0,1.0,0.0,0.0,35.0,4.0
7202536805,2110.0,"ball, stephen j.",centre for critical education policy studies; department of education; institute of education; king's college; king's college london; kingâs college; london university; ucl institute of education; university of london,united kingdom,16,1.0,0.0,0.0,4.0,0.0,1.0,16.0,5.0,4.0,0.0,0.0,0.0,0.0,0.0,0.0,58.0,0.0,8.0,0.0,0.0,1.0,40.0,11.0,8.0,0.0,0.0,4.0,8.0,3.0,3.0,70.0,0.0
6701758719,2038.0,"goldthorpe, john h.",nuffield coll. university of oxford; nuffield college; university of oxford,united kingdom,9,0.0,0.0,0.0,0.0,0.0,1.0,0.0,0.0,0.0,0.0,0.0,0.0,0.0,0.0,0.0,11.0,0.0,0.0,0.0,0.0,0.0,31.0,1.0,0.0,0.0,0.0,1.0,0.0,0.0,1.0,3.0,4.0
56186537800,1926.0,"reay, diane",cambridge university; king's college; king's college london; london metropolitan university; london university; south bank university; university of cambridge,united kingdom,11,1.0,0.0,0.0,4.0,0.0,0.0,3.0,0.0,10.0,1.0,0.0,0.0,0.0,0.0,0.0,83.0,0.0,6.0,0.0,0.0,1.0,41.0,4.0,3.0,0.0,0.0,0.0,12.0,0.0,6.0,364.0,1.0
7406100955,1921.0,"meyer, john w.",stanford university,united states,2,0.0,0.0,0.0,0.0,0.0,0.0,0.0,0.0,1.0,0.0,0.0,0.0,0.0,0.0,0.0,1.0,0.0,0.0,0.0,0.0,0.0,1.0,0.0,0.0,0.0,0.0,0.0,0.0,0.0,0.0,0.0,0.0
6603713828,1890.0,"paxton, pamela",ohio state university; the ohio state university,united states,3,0.0,0.0,0.0,0.0,0.0,0.0,0.0,0.0,0.0,0.0,0.0,0.0,0.0,0.0,0.0,0.0,0.0,0.0,0.0,0.0,0.0,0.0,190.0,0.0,0.0,0.0,0.0,0.0,0.0,0.0,0.0,0.0
7403617562,1882.0,"peterson, richard a.",vanderbilt university,united states,2,0.0,0.0,0.0,0.0,0.0,0.0,0.0,1.0,0.0,0.0,0.0,0.0,0.0,0.0,0.0,0.0,0.0,0.0,0.0,0.0,0.0,0.0,0.0,0.0,0.0,0.0,0.0,0.0,0.0,0.0,0.0,0.0
8852081100,1819.0,"vaisey, stephen",duke university; university of california,united states,11,0.0,0.0,0.0,0.0,0.0,0.0,1.0,1.0,0.0,0.0,0.0,0.0,0.0,0.0,0.0,2.0,13.0,4.0,0.0,0.0,1.0,8.0,40.0,1.0,2.0,0.0,0.0,0.0,0.0,35.0,24.0,0.0
6508228764,1665.0,"lizardo, omar",department of sociology; university of california; university of notre dame,united states,18,0.0,0.0,0.0,13.0,0.0,1.0,10.0,26.0,5.0,0.0,0.0,0.0,0.0,0.0,0.0,18.0,1.0,20.0,0.0,0.0,6.0,101.0,23.0,0.0,0.0,0.0,0.0,6.0,0.0,33.0,14.0,0.0
7005405849,1614.0,"wimmer, andreas",columbia university; princeton university; university of california; university of neuchÃ¡tel,switzerland; united states,7,0.0,0.0,0.0,1.0,0.0,5.0,3.0,0.0,8.0,0.0,1.0,0.0,0.0,0.0,2.0,7.0,0.0,0.0,0.0,0.0,10.0,6.0,5.0,0.0,2.0,0.0,0.0,0.0,0.0,2.0,13.0,0.0
58379510400,1611.0,"kern, roger m.",vanderbilt university,,1,0.0,0.0,0.0,0.0,0.0,0.0,0.0,0.0,0.0,0.0,0.0,0.0,0.0,0.0,0.0,0.0,0.0,0.0,0.0,0.0,0.0,0.0,0.0,0.0,0.0,0.0,0.0,0.0,0.0,0.0,0.0,0.0
7007061164,1577.0,"earls, felton",,,1,0.0,0.0,0.0,0.0,0.0,0.0,0.0,0.0,0.0,0.0,0.0,0.0,0.0,0.0,0.0,2.0,0.0,0.0,0.0,0.0,0.0,0.0,34.0,0.0,0.0,0.0,1.0,0.0,0.0,0.0,0.0,0.0
6603039873,1577.0,"morenoff, jeffrey d.",,,1,0.0,0.0,0.0,0.0,0.0,0.0,0.0,0.0,0.0,0.0,0.0,0.0,0.0,0.0,0.0,2.0,0.0,0.0,0.0,0.0,0.0,0.0,34.0,0.0,0.0,0.0,1.0,0.0,0.0,0.0,0.0,0.0
7004971004,1577.0,"sampson, robert j.",university of chicago,united states,1,0.0,0.0,0.0,0.0,0.0,0.0,0.0,0.0,0.0,0.0,0.0,0.0,0.0,0.0,0.0,2.0,0.0,0.0,0.0,0.0,0.0,0.0,34.0,0.0,0.0,0.0,1.0,0.0,0.0,0.0,0.0,0.0
7103240685,1502.0,"massey, douglas s.",princeton university; university of pennsylvania,united states,4,0.0,0.0,0.0,0.0,0.0,1.0,2.0,0.0,4.0,0.0,0.0,0.0,0.0,0.0,2.0,4.0,0.0,0.0,0.0,0.0,0.0,1.0,151.0,0.0,0.0,0.0,1.0,0.0,0.0,0.0,5.0,0.0
6701417629,1482.0,"roscigno, vincent j.",department of sociology; ohio state university; the ohio state university,united states,11,0.0,0.0,0.0,1.0,0.0,0.0,1.0,0.0,1.0,0.0,0.0,0.0,0.0,0.0,0.0,21.0,0.0,0.0,0.0,0.0,0.0,85.0,11.0,0.0,0.0,0.0,0.0,0.0,0.0,0.0,3.0,0.0
26534187500,1472.0,"desmond, matthew",harvard university; princeton university; society of fellows; university of wisconsin; university of wisconsin-madison,united states,10,0.0,0.0,0.0,5.0,1.0,0.0,65.0,5.0,8.0,0.0,0.0,1.0,0.0,0.0,0.0,30.0,1.0,14.0,0.0,0.0,0.0,0.0,8.0,5.0,1.0,0.0,2.0,0.0,0.0,4.0,53.0,0.0
26531870400,1414.0,"rivera, lauren a.",harvard university; northwestern university,united states,5,0.0,0.0,0.0,2.0,0.0,2.0,0.0,0.0,0.0,1.0,0.0,0.0,0.0,0.0,0.0,11.0,0.0,0.0,0.0,0.0,0.0,21.0,18.0,0.0,0.0,0.0,1.0,1.0,0.0,0.0,0.0,0.0
35957993600,1407.0,"downey, douglas b.",department of sociology; ohio state university,united states,5,0.0,0.0,0.0,0.0,0.0,0.0,0.0,0.0,0.0,0.0,0.0,0.0,0.0,0.0,0.0,11.0,0.0,0.0,0.0,0.0,0.0,10.0,0.0,0.0,0.0,0.0,0.0,0.0,0.0,0.0,0.0,0.0
55725882800,1403.0,"wilson, john",duke university,united states,3,0.0,0.0,0.0,1.0,0.0,0.0,0.0,7.0,0.0,0.0,0.0,0.0,0.0,0.0,0.0,0.0,0.0,1.0,0.0,0.0,0.0,37.0,19.0,0.0,0.0,0.0,0.0,0.0,0.0,0.0,3.0,0.0
6603233682,1352.0,"koput, kenneth w.",university of arizona,united states,1,0.0,0.0,0.0,0.0,0.0,0.0,0.0,0.0,0.0,0.0,0.0,0.0,0.0,0.0,0.0,1.0,0.0,0.0,0.0,0.0,0.0,0.0,0.0,0.0,0.0,0.0,0.0,0.0,0.0,0.0,0.0,0.0
55456556400,1352.0,"white, douglas r.",university of california,united states,1,0.0,0.0,0.0,0.0,0.0,0.0,0.0,0.0,0.0,0.0,0.0,0.0,0.0,0.0,0.0,1.0,0.0,0.0,0.0,0.0,0.0,0.0,0.0,0.0,0.0,0.0,0.0,0.0,0.0,0.0,0.0,0.0
7202937821,1352.0,"powell, walter w.",stanford university,united states,1,0.0,0.0,0.0,0.0,0.0,0.0,0.0,0.0,0.0,0.0,0.0,0.0,0.0,0.0,0.0,1.0,0.0,0.0,0.0,0.0,0.0,0.0,0.0,0.0,0.0,0.0,0.0,0.0,0.0,0.0,0.0,0.0
7004067423,1342.0,"crossley, nick",university of manchester; university of sheffield,united kingdom,13,0.0,0.0,0.0,28.0,0.0,10.0,57.0,7.0,10.0,0.0,3.0,0.0,0.0,0.0,0.0,14.0,0.0,8.0,0.0,0.0,2.0,12.0,34.0,7.0,2.0,0.0,106.0,2.0,0.0,2.0,138.0,19.0
7005588683,1309.0,"lamont, michÃ¨le",harvard university; princeton university,united states,8,1.0,0.0,0.0,2.0,0.0,2.0,4.0,1.0,9.0,0.0,0.0,0.0,0.0,0.0,3.0,17.0,0.0,0.0,0.0,0.0,0.0,6.0,3.0,1.0,0.0,0.0,0.0,1.0,0.0,0.0,2.0,0.0
6603292623,1284.0,"schofer, evan",university of california; university of minnesota,united states,3,0.0,0.0,0.0,0.0,0.0,0.0,0.0,1.0,3.0,0.0,0.0,0.0,0.0,0.0,0.0,8.0,0.0,0.0,0.0,0.0,0.0,143.0,1.0,0.0,0.0,0.0,0.0,0.0,0.0,0.0,0.0,0.0
6603488676,1280.0,"kraaykamp, gerbert",nuffield college; radboud university; radboud university nijmegen; university of nijmegen,netherlands; united kingdom,12,0.0,0.0,0.0,0.0,0.0,0.0,0.0,1.0,0.0,0.0,1.0,0.0,0.0,0.0,0.0,112.0,0.0,0.0,0.0,0.0,0.0,237.0,7.0,0.0,0.0,0.0,0.0,1.0,0.0,0.0,8.0,0.0
26431616900,1170.0,"ray, victor",the university of tennessee-knoxville,united states,1,0.0,0.0,0.0,1.0,0.0,0.0,0.0,0.0,4.0,0.0,0.0,0.0,0.0,0.0,0.0,7.0,0.0,0.0,0.0,0.0,0.0,0.0,0.0,0.0,0.0,0.0,1.0,0.0,0.0,0.0,0.0,0.0
6603399152,1156.0,"eliasoph, nina",university of southern california; university of wisconsin; university of wisconsin - madison; university of wisconsin-madison,united states,6,1.0,1.0,0.0,0.0,0.0,0.0,2.0,0.0,8.0,0.0,0.0,0.0,0.0,0.0,0.0,6.0,0.0,4.0,0.0,0.0,1.0,0.0,1.0,1.0,0.0,0.0,0.0,0.0,0.0,0.0,10.0,0.0
7101924933,1138.0,"jÃ¦ger, mads meier",aarhus university; danish national institute of social research; the danish national institute of social research; university of copenhagen; university of copenhagen Ã¸ster farimagsgade 5,denmark,14,0.0,0.0,0.0,1.0,0.0,1.0,0.0,2.0,0.0,0.0,0.0,0.0,0.0,0.0,0.0,233.0,0.0,0.0,0.0,0.0,0.0,935.0,55.0,0.0,0.0,0.0,0.0,2.0,0.0,0.0,12.0,2.0
7404460054,1122.0,"alexander, jeffrey c.",university of california; yale university,united states,7,0.0,0.0,0.0,1.0,0.0,0.0,3.0,27.0,0.0,0.0,4.0,0.0,0.0,0.0,0.0,7.0,0.0,0.0,0.0,0.0,0.0,2.0,1.0,4.0,0.0,0.0,0.0,2.0,0.0,0.0,3.0,2.0
6602836198,1109.0,"anthias, floya",oxford brookes university; roehampton university; school of social sciences university of greenwich; university of greenwich,united kingdom,5,0.0,0.0,0.0,1.0,0.0,2.0,0.0,1.0,2.0,0.0,0.0,0.0,0.0,0.0,0.0,26.0,0.0,0.0,0.0,0.0,0.0,9.0,42.0,0.0,0.0,0.0,0.0,0.0,1.0,0.0,6.0,0.0
7004360497,1092.0,"musick, march",duke university; university of michigan,united states,2,0.0,0.0,0.0,0.0,0.0,0.0,0.0,2.0,0.0,0.0,0.0,0.0,0.0,0.0,0.0,0.0,0.0,1.0,0.0,0.0,0.0,19.0,19.0,0.0,0.0,0.0,0.0,0.0,0.0,0.0,3.0,0.0
6602577777,1089.0,"fairclough, norman",university of lancaster,united kingdom,1,0.0,0.0,0.0,0.0,0.0,0.0,0.0,0.0,0.0,0.0,0.0,0.0,0.0,0.0,0.0,0.0,0.0,0.0,0.0,0.0,0.0,0.0,0.0,0.0,0.0,0.0,0.0,0.0,0.0,0.0,0.0,0.0
7103028331,1060.0,"gross, neil",colby college; harvard university; university of british columbia; university of southern california; university of wisconsin-madison,canada; united states,5,0.0,0.0,0.0,6.0,0.0,1.0,3.0,1.0,1.0,0.0,0.0,0.0,0.0,0.0,0.0,16.0,1.0,6.0,0.0,0.0,3.0,2.0,2.0,1.0,0.0,0.0,0.0,1.0,0.0,0.0,1.0,1.0
6602101541,1017.0,"menjÃ­var, cecilia",arizona state university; university of california; university of california-los angeles; university of kansas,united states,8,0.0,0.0,0.0,2.0,0.0,2.0,0.0,0.0,2.0,0.0,0.0,0.0,0.0,0.0,1.0,3.0,0.0,0.0,0.0,0.0,0.0,0.0,35.0,0.0,0.0,0.0,1.0,22.0,0.0,1.0,0.0,0.0
7005254414,1005.0,"portes, alejandro",johns hopkins university; princeton university,united states,4,0.0,0.0,0.0,0.0,0.0,1.0,0.0,0.0,1.0,0.0,0.0,0.0,0.0,0.0,4.0,1.0,0.0,0.0,0.0,0.0,0.0,8.0,34.0,0.0,0.0,0.0,0.0,0.0,0.0,0.0,0.0,0.0
8791276100,1001.0,"lichterman, paul",university of california at berkeley; university of southern california; university of wisconsin,united states,7,0.0,0.0,0.0,3.0,0.0,0.0,38.0,0.0,10.0,0.0,2.0,0.0,0.0,0.0,0.0,6.0,0.0,2.0,0.0,0.0,2.0,0.0,1.0,0.0,0.0,0.0,0.0,0.0,0.0,0.0,1.0,0.0
7004642082,1001.0,"cockerham, william c.",university of alabama; university of alabama at birmingham,united states,4,0.0,0.0,0.0,3.0,0.0,0.0,3.0,1.0,0.0,0.0,0.0,0.0,0.0,0.0,1.0,6.0,1.0,0.0,0.0,0.0,0.0,2.0,0.0,1.0,0.0,0.0,3.0,0.0,0.0,5.0,74.0,0.0
7005411906,981.0,"shamir, ronen",tel aviv university,united states,2,0.0,0.0,0.0,0.0,0.0,0.0,5.0,0.0,0.0,0.0,0.0,0.0,0.0,0.0,0.0,0.0,0.0,0.0,0.0,0.0,0.0,0.0,0.0,0.0,0.0,0.0,0.0,0.0,0.0,0.0,0.0,0.0
6505835372,969.0,"skeggs, beverley",cardiff university and goldsmiths; goldsmiths college; university of london; university of manchester; university of york,united kingdom,7,0.0,0.0,0.0,7.0,0.0,4.0,5.0,0.0,1.0,0.0,0.0,1.0,0.0,0.0,2.0,14.0,0.0,0.0,1.0,0.0,0.0,11.0,4.0,4.0,0.0,0.0,1.0,5.0,0.0,0.0,13.0,0.0
55727517500,962.0,"martin, john levi",rutgers university; university of chicago; university of wisconsin,united states,7,1.0,0.0,0.0,23.0,0.0,0.0,17.0,0.0,2.0,0.0,32.0,0.0,0.0,0.0,0.0,1.0,1.0,2.0,0.0,0.0,113.0,1.0,1.0,1.0,1.0,0.0,4.0,0.0,0.0,3.0,19.0,1.0
6603524164,959.0,"latour, bruno",centre de sociologie de l'innovation; institut rhonalpin des systÃ¨mes,france,2,0.0,1.0,0.0,0.0,0.0,1.0,0.0,0.0,0.0,0.0,0.0,0.0,0.0,0.0,0.0,0.0,0.0,0.0,0.0,0.0,0.0,0.0,0.0,3.0,0.0,0.0,0.0,0.0,0.0,0.0,0.0,0.0
7202145103,958.0,"hartmann, douglas",university of california; university of minnesota,united states,7,0.0,0.0,0.0,4.0,0.0,2.0,0.0,1.0,6.0,0.0,0.0,0.0,0.0,0.0,0.0,8.0,0.0,3.0,0.0,0.0,8.0,7.0,5.0,0.0,0.0,0.0,0.0,2.0,0.0,0.0,2.0,0.0
8782208900,949.0,"jepperson, ronald l.",university of tulsa,united states,2,0.0,0.0,0.0,0.0,0.0,0.0,1.0,0.0,0.0,0.0,0.0,0.0,0.0,0.0,0.0,0.0,0.0,0.0,0.0,0.0,0.0,1.0,0.0,0.0,0.0,0.0,0.0,0.0,0.0,0.0,1.0,0.0
7004639303,932.0,"nee, v.",cornell university,united states,2,0.0,0.0,0.0,0.0,0.0,0.0,0.0,0.0,0.0,0.0,0.0,0.0,0.0,0.0,0.0,1.0,0.0,0.0,0.0,0.0,0.0,34.0,38.0,0.0,0.0,0.0,0.0,0.0,0.0,0.0,0.0,0.0
7401878789,932.0,"sanders, j.",cornell university; university of south carolina,united states,2,0.0,0.0,0.0,0.0,0.0,0.0,0.0,0.0,0.0,0.0,0.0,0.0,0.0,0.0,0.0,1.0,0.0,0.0,0.0,0.0,0.0,34.0,38.0,0.0,0.0,0.0,0.0,0.0,0.0,0.0,0.0,0.0
6603390185,925.0,"horvat, erin mcnamara",,,1,0.0,0.0,0.0,1.0,0.0,0.0,0.0,0.0,0.0,0.0,0.0,0.0,0.0,0.0,0.0,27.0,0.0,0.0,0.0,0.0,1.0,17.0,3.0,0.0,0.0,0.0,0.0,0.0,0.0,0.0,4.0,0.0
8932467500,914.0,"ainsworth-darnell, james w.",department of sociology; georgia state university,united states,2,0.0,0.0,0.0,0.0,0.0,0.0,0.0,0.0,0.0,0.0,0.0,0.0,0.0,0.0,0.0,3.0,0.0,0.0,0.0,0.0,0.0,7.0,0.0,0.0,0.0,0.0,0.0,0.0,0.0,0.0,0.0,0.0
10642160700,908.0,"edensor, tim",staffordshire university,united kingdom,2,0.0,0.0,0.0,0.0,0.0,0.0,7.0,0.0,2.0,0.0,0.0,0.0,0.0,0.0,0.0,0.0,1.0,1.0,0.0,0.0,0.0,0.0,0.0,0.0,0.0,0.0,0.0,0.0,0.0,0.0,1.0,0.0
26535181200,897.0,"tavory, iddo",department of sociology; new school for social research; new york university; university of california; university of california-los angeles,united states,8,1.0,2.0,0.0,1.0,0.0,3.0,4.0,0.0,23.0,0.0,0.0,0.0,0.0,0.0,4.0,3.0,0.0,2.0,0.0,0.0,2.0,2.0,0.0,8.0,0.0,0.0,0.0,0.0,0.0,0.0,7.0,1.0
39161196600,895.0,"friedman, sam",city university london; london school of economics; london school of economics and political science; school of economics; the london school of economics and political science; university of edinburgh,united kingdom,9,14.0,0.0,0.0,5.0,0.0,0.0,0.0,3.0,2.0,0.0,0.0,0.0,0.0,0.0,0.0,37.0,0.0,0.0,0.0,0.0,2.0,92.0,12.0,0.0,0.0,0.0,3.0,8.0,0.0,2.0,89.0,1.0
7004342145,886.0,"mcadam, doug",stanford university,united states,1,0.0,0.0,0.0,16.0,0.0,0.0,2.0,1.0,1.0,0.0,0.0,0.0,0.0,0.0,0.0,6.0,0.0,0.0,0.0,0.0,0.0,0.0,0.0,0.0,0.0,0.0,0.0,0.0,0.0,0.0,4.0,0.0
7202132753,866.0,"vincent, carol",centre for critical education policy studies; institute of education; london university; university of london; university of warwick,united kingdom,8,0.0,0.0,0.0,4.0,0.0,0.0,1.0,5.0,4.0,0.0,0.0,0.0,0.0,0.0,0.0,32.0,0.0,2.0,0.0,0.0,0.0,25.0,9.0,1.0,0.0,0.0,2.0,4.0,3.0,1.0,28.0,0.0
6603262759,856.0,"espinosa, kristin e.",,,1,0.0,0.0,0.0,0.0,0.0,0.0,0.0,0.0,0.0,0.0,0.0,0.0,0.0,0.0,0.0,0.0,0.0,0.0,0.0,0.0,0.0,0.0,31.0,0.0,0.0,0.0,0.0,0.0,0.0,0.0,0.0,0.0
7801343110,852.0,"broh, beckett a.",department of sociology; ohio state university,united states,2,0.0,0.0,0.0,0.0,0.0,0.0,0.0,0.0,0.0,0.0,0.0,0.0,0.0,0.0,0.0,6.0,0.0,0.0,0.0,0.0,0.0,1.0,40.0,0.0,0.0,0.0,0.0,0.0,0.0,0.0,0.0,0.0
6603633713,852.0,"callon, michel",csi-ecole des mines de paris; ctr. de sociologie de l'innovation,france,2,0.0,0.0,0.0,0.0,0.0,0.0,1.0,0.0,1.0,0.0,1.0,0.0,0.0,0.0,0.0,3.0,0.0,0.0,0.0,0.0,0.0,0.0,0.0,0.0,0.0,0.0,0.0,1.0,0.0,0.0,0.0,0.0
6604085679,841.0,"correll, shelley j.",cornell university; stanford university,united states,2,0.0,0.0,0.0,0.0,0.0,0.0,0.0,0.0,0.0,0.0,0.0,0.0,0.0,0.0,0.0,1.0,0.0,0.0,0.0,0.0,0.0,0.0,0.0,0.0,0.0,0.0,0.0,0.0,0.0,0.0,1.0,0.0
35305676800,834.0,"stark, david",cornell university,united states,1,0.0,0.0,0.0,1.0,0.0,0.0,1.0,0.0,0.0,0.0,0.0,0.0,0.0,0.0,0.0,1.0,0.0,0.0,0.0,0.0,0.0,0.0,0.0,0.0,0.0,0.0,0.0,0.0,0.0,0.0,0.0,0.0
35565018200,819.0,"sparkes, andrew c.",liverpool john moores university; university of exeter,united kingdom,5,0.0,0.0,0.0,0.0,0.0,2.0,6.0,0.0,1.0,0.0,0.0,1.0,0.0,0.0,0.0,4.0,13.0,2.0,0.0,0.0,0.0,6.0,1.0,2.0,1.0,0.0,12.0,0.0,0.0,5.0,64.0,0.0
26325403600,816.0,"dumais, susan a.",city university of new york; harvard university; louisiana state university,united states,7,0.0,0.0,0.0,0.0,0.0,2.0,3.0,1.0,3.0,0.0,0.0,0.0,0.0,0.0,0.0,61.0,0.0,2.0,0.0,0.0,0.0,280.0,3.0,0.0,1.0,0.0,0.0,3.0,0.0,0.0,111.0,8.0
7102881544,811.0,"bernstein, basil",university of london,united kingdom,2,0.0,0.0,0.0,0.0,0.0,0.0,0.0,0.0,0.0,0.0,0.0,0.0,0.0,0.0,0.0,5.0,0.0,4.0,0.0,0.0,0.0,2.0,0.0,1.0,0.0,0.0,0.0,4.0,0.0,0.0,12.0,0.0
55245094500,808.0,"raymond, geoffrey",univ. of california santa barbara,united states,1,0.0,0.0,0.0,0.0,0.0,0.0,0.0,0.0,0.0,0.0,0.0,0.0,0.0,0.0,0.0,0.0,0.0,0.0,0.0,0.0,0.0,0.0,0.0,0.0,0.0,0.0,0.0,0.0,0.0,0.0,0.0,0.0
6602819097,807.0,"weeden, kim a.",cornell university,united states,4,0.0,0.0,0.0,0.0,0.0,0.0,0.0,0.0,0.0,0.0,0.0,0.0,0.0,0.0,0.0,12.0,0.0,0.0,0.0,0.0,0.0,8.0,0.0,0.0,0.0,0.0,1.0,0.0,0.0,0.0,2.0,0.0
10043423700,802.0,"johnston, josÃ©e",university of toronto,canada,4,0.0,0.0,0.0,2.0,0.0,0.0,2.0,3.0,0.0,0.0,0.0,0.0,0.0,0.0,0.0,5.0,0.0,0.0,0.0,0.0,0.0,32.0,0.0,0.0,0.0,0.0,0.0,0.0,0.0,0.0,8.0,3.0
6701459477,797.0,"de graaf, nan dirk",nuffield college; radboud university nijmegen; university of nijmegen,netherlands; united kingdom,5,0.0,0.0,0.0,0.0,0.0,0.0,0.0,2.0,0.0,0.0,4.0,0.0,0.0,0.0,0.0,25.0,0.0,0.0,0.0,0.0,0.0,99.0,4.0,0.0,0.0,0.0,0.0,1.0,0.0,0.0,8.0,0.0
6603243901,794.0,"van de werfhorst, herman g.",nuffield college; university of amsterdam; university of oxford,netherlands; united kingdom,13,0.0,0.0,0.0,10.0,0.0,0.0,0.0,0.0,0.0,0.0,0.0,0.0,0.0,0.0,0.0,44.0,0.0,0.0,0.0,0.0,8.0,128.0,4.0,0.0,1.0,0.0,0.0,0.0,0.0,0.0,2.0,0.0
7402399718,794.0,"jenkins, richard",university college of swansea; university of sheffield,united kingdom,5,0.0,0.0,0.0,0.0,0.0,0.0,1.0,1.0,2.0,0.0,0.0,0.0,0.0,0.0,0.0,6.0,0.0,0.0,0.0,0.0,0.0,0.0,0.0,1.0,0.0,0.0,1.0,0.0,0.0,0.0,1.0,1.0
6603427292,788.0,"katz-gerro, tally",university of california; university of haifa; university of haifa haifa; university of manchester,israel; united kingdom; united states,11,0.0,0.0,0.0,4.0,0.0,2.0,0.0,1.0,7.0,0.0,0.0,0.0,0.0,0.0,0.0,24.0,0.0,0.0,0.0,0.0,1.0,257.0,1.0,0.0,0.0,0.0,0.0,1.0,0.0,0.0,21.0,11.0
24723634200,780.0,"abrego, l.j.",arizona state university,united states,1,0.0,0.0,0.0,0.0,0.0,0.0,0.0,0.0,0.0,0.0,0.0,0.0,0.0,0.0,0.0,0.0,0.0,0.0,0.0,0.0,0.0,0.0,0.0,0.0,0.0,0.0,1.0,10.0,0.0,0.0,0.0,0.0
35876837700,773.0,"tomlinson, michael",cardiff university; university of southampton,united kingdom,2,0.0,0.0,0.0,0.0,0.0,1.0,0.0,0.0,0.0,0.0,0.0,0.0,0.0,0.0,0.0,2.0,0.0,0.0,0.0,0.0,0.0,18.0,0.0,0.0,0.0,0.0,0.0,2.0,0.0,0.0,2.0,0.0
7004190680,772.0,"ridgeway, cecilia l.",stanford university,united states,3,0.0,0.0,0.0,0.0,0.0,0.0,0.0,0.0,1.0,0.0,0.0,0.0,0.0,0.0,0.0,0.0,0.0,0.0,0.0,0.0,0.0,2.0,0.0,0.0,0.0,0.0,0.0,0.0,0.0,0.0,1.0,0.0
6603906854,772.0,"bryson, bethany",james madison university; princeton university; university of virginia,united states,3,0.0,0.0,0.0,0.0,0.0,0.0,0.0,3.0,1.0,0.0,0.0,0.0,0.0,0.0,0.0,0.0,0.0,0.0,0.0,0.0,0.0,10.0,2.0,0.0,0.0,0.0,0.0,0.0,0.0,0.0,1.0,0.0
14826465700,770.0,"armstrong, elizabeth a.",indiana university; university of michigan,united states,4,0.0,0.0,0.0,0.0,0.0,3.0,1.0,0.0,3.0,0.0,0.0,0.0,0.0,0.0,0.0,10.0,0.0,2.0,0.0,0.0,0.0,4.0,0.0,0.0,0.0,0.0,0.0,0.0,0.0,0.0,4.0,0.0
7006572820,754.0,"de graaf, paul m.",nijmegen university; tilburg university,netherlands,4,0.0,0.0,0.0,0.0,0.0,0.0,0.0,0.0,0.0,0.0,0.0,0.0,0.0,0.0,0.0,39.0,0.0,0.0,0.0,0.0,0.0,118.0,4.0,0.0,0.0,0.0,0.0,1.0,0.0,0.0,8.0,0.0
6507473932,748.0,"condron, dennis j.",emory university; oakland university,united states,6,0.0,0.0,0.0,2.0,0.0,0.0,0.0,0.0,0.0,0.0,0.0,0.0,0.0,0.0,0.0,12.0,0.0,0.0,0.0,0.0,0.0,48.0,8.0,0.0,0.0,0.0,0.0,0.0,0.0,0.0,19.0,0.0
13605414000,730.0,"giulianotti, richard",loughborough university; university of aberdeen; university of durham,norway; united kingdom,4,0.0,16.0,0.0,0.0,0.0,0.0,11.0,0.0,1.0,0.0,0.0,0.0,0.0,0.0,0.0,3.0,0.0,0.0,1.0,0.0,0.0,0.0,0.0,0.0,0.0,0.0,0.0,0.0,0.0,0.0,4.0,0.0
23067282700,728.0,"hargreaves, tom",university of east anglia,united kingdom,1,0.0,0.0,0.0,0.0,0.0,0.0,0.0,0.0,1.0,0.0,0.0,0.0,0.0,0.0,0.0,0.0,1.0,13.0,0.0,0.0,0.0,0.0,0.0,0.0,0.0,0.0,0.0,0.0,0.0,0.0,1.0,0.0
36817648800,725.0,"glover, troy d.",university of waterloo,canada,9,0.0,0.0,0.0,9.0,0.0,0.0,3.0,0.0,0.0,0.0,0.0,0.0,0.0,0.0,0.0,7.0,0.0,0.0,0.0,0.0,11.0,17.0,180.0,1.0,1.0,0.0,0.0,0.0,0.0,0.0,21.0,0.0
6602804089,720.0,"shove, elizabeth",lancaster university,united kingdom,2,0.0,0.0,0.0,0.0,0.0,0.0,0.0,1.0,0.0,0.0,0.0,0.0,0.0,0.0,0.0,7.0,0.0,0.0,0.0,0.0,0.0,0.0,0.0,0.0,0.0,0.0,0.0,0.0,0.0,0.0,0.0,0.0
7201472750,717.0,"erickson, bonnie h.",university of toronto,canada,1,0.0,0.0,0.0,3.0,0.0,0.0,0.0,0.0,0.0,0.0,0.0,0.0,0.0,0.0,0.0,4.0,0.0,0.0,0.0,0.0,0.0,2.0,2.0,0.0,0.0,0.0,0.0,0.0,0.0,0.0,1.0,0.0
7003576097,716.0,"zwick, detlev",york university,canada,2,0.0,0.0,0.0,0.0,0.0,0.0,3.0,1.0,0.0,0.0,0.0,0.0,0.0,0.0,0.0,4.0,0.0,0.0,0.0,0.0,0.0,2.0,0.0,0.0,0.0,0.0,0.0,0.0,0.0,0.0,0.0,0.0
7201353965,712.0,"gould, roger v.",university of chicago; yale university,united states,3,0.0,0.0,0.0,0.0,0.0,0.0,0.0,0.0,0.0,0.0,0.0,0.0,0.0,0.0,0.0,0.0,0.0,0.0,0.0,0.0,0.0,0.0,0.0,1.0,0.0,0.0,0.0,0.0,0.0,0.0,0.0,0.0
6507987285,711.0,"pantzar, mika",national consumer research centre,finland,1,0.0,0.0,0.0,0.0,0.0,0.0,0.0,1.0,0.0,0.0,0.0,0.0,0.0,0.0,0.0,4.0,0.0,0.0,0.0,0.0,0.0,0.0,0.0,0.0,0.0,0.0,0.0,0.0,0.0,0.0,0.0,0.0
7006948637,708.0,"bearman, peter",columbia university,united states,2,0.0,0.0,0.0,0.0,0.0,0.0,0.0,0.0,0.0,0.0,0.0,0.0,0.0,0.0,0.0,0.0,0.0,0.0,0.0,0.0,0.0,0.0,0.0,0.0,0.0,0.0,0.0,0.0,0.0,0.0,0.0,0.0
6508034806,707.0,"piller, ingrid",c5a macquarie university; university of sydney,australia,2,0.0,0.0,0.0,0.0,0.0,0.0,0.0,0.0,0.0,0.0,0.0,0.0,0.0,0.0,0.0,0.0,0.0,0.0,0.0,0.0,0.0,1.0,0.0,1.0,0.0,0.0,0.0,0.0,0.0,0.0,0.0,0.0
21734219500,703.0,"Ã§aliÅkan, koray",boÇ§aziÃ§i university,republic of turkey,1,0.0,0.0,0.0,0.0,0.0,0.0,0.0,0.0,1.0,0.0,0.0,0.0,0.0,0.0,0.0,2.0,0.0,0.0,0.0,0.0,0.0,0.0,0.0,0.0,0.0,0.0,0.0,0.0,0.0,0.0,0.0,0.0
23100398200,700.0,"lappegÃ¥rd, trude",statistics norway; university of oslo,norway,2,0.0,0.0,0.0,0.0,0.0,0.0,0.0,0.0,0.0,0.0,0.0,0.0,0.0,0.0,0.0,1.0,0.0,1.0,0.0,0.0,0.0,0.0,0.0,0.0,0.0,0.0,0.0,0.0,0.0,0.0,0.0,0.0
7402687519,697.0,"chan, tak wing",department of social science; university of oxford,united kingdom,4,0.0,0.0,0.0,0.0,0.0,1.0,0.0,0.0,0.0,0.0,0.0,0.0,0.0,0.0,0.0,2.0,0.0,0.0,0.0,0.0,0.0,69.0,0.0,0.0,0.0,0.0,0.0,0.0,0.0,0.0,1.0,4.0
23099346400,695.0,"baumann, shyon",harvard university; university of toronto,canada; united states,5,0.0,0.0,0.0,3.0,0.0,2.0,0.0,14.0,0.0,0.0,0.0,0.0,0.0,0.0,1.0,9.0,0.0,0.0,0.0,0.0,1.0,70.0,4.0,0.0,0.0,0.0,0.0,0.0,0.0,0.0,17.0,5.0
7007044668,692.0,"bernhardt, eva",stockholm university,sweden,1,0.0,0.0,0.0,0.0,0.0,0.0,0.0,0.0,0.0,0.0,0.0,0.0,0.0,0.0,0.0,1.0,0.0,1.0,0.0,0.0,0.0,0.0,0.0,0.0,0.0,0.0,0.0,0.0,0.0,0.0,0.0,0.0
7004665092,692.0,"goldscheider, frances",university of maryland,united states,1,0.0,0.0,0.0,0.0,0.0,0.0,0.0,0.0,0.0,0.0,0.0,0.0,0.0,0.0,0.0,1.0,0.0,1.0,0.0,0.0,0.0,0.0,0.0,0.0,0.0,0.0,0.0,0.0,0.0,0.0,0.0,0.0
6507963842,690.0,"coalter, fred",university of stirling,united kingdom,3,0.0,0.0,0.0,2.0,0.0,0.0,0.0,0.0,0.0,0.0,0.0,0.0,0.0,0.0,0.0,4.0,0.0,0.0,0.0,0.0,0.0,1.0,176.0,0.0,0.0,0.0,0.0,0.0,0.0,0.0,1.0,0.0
14630460400,688.0,"hitlin, steven",university of iowa,united states,3,0.0,0.0,0.0,1.0,0.0,0.0,12.0,0.0,4.0,0.0,0.0,0.0,0.0,0.0,0.0,3.0,1.0,1.0,0.0,0.0,0.0,1.0,0.0,6.0,0.0,0.0,0.0,2.0,0.0,1.0,8.0,0.0
57203382561,688.0,"mcfarland, daniel a.",stanford university,united states,8,1.0,0.0,0.0,2.0,0.0,0.0,3.0,0.0,0.0,0.0,1.0,0.0,0.0,0.0,0.0,46.0,0.0,0.0,0.0,0.0,0.0,6.0,6.0,0.0,0.0,0.0,0.0,0.0,0.0,0.0,6.0,2.0
26659107200,686.0,"mak, athena h.n.",university of surrey,united kingdom,2,0.0,0.0,0.0,0.0,0.0,0.0,0.0,0.0,0.0,0.0,0.0,0.0,0.0,0.0,0.0,0.0,0.0,0.0,0.0,0.0,0.0,10.0,0.0,0.0,0.0,0.0,0.0,0.0,0.0,0.0,4.0,0.0
34770162000,678.0,"evans, james",university of chicago,united states,3,0.0,0.0,0.0,0.0,0.0,1.0,1.0,2.0,0.0,0.0,0.0,0.0,0.0,0.0,3.0,2.0,0.0,1.0,0.0,0.0,4.0,5.0,1.0,0.0,2.0,0.0,0.0,1.0,0.0,0.0,19.0,0.0
57195466318,676.0,"brown, phillip",cardiff university; university of kent; university of kent at canterbury,united kingdom,7,0.0,0.0,0.0,2.0,0.0,0.0,1.0,0.0,1.0,0.0,1.0,0.0,0.0,0.0,0.0,24.0,1.0,0.0,0.0,0.0,0.0,23.0,3.0,1.0,0.0,0.0,1.0,1.0,0.0,0.0,0.0,1.0
18437239600,676.0,"heilbron, johan",centre lillois d'etudes et de recherches sociologiques et economiques (clerse); clerse; erasmus university; erasmus university rotterdam,france; netherlands,5,0.0,0.0,0.0,0.0,0.0,13.0,0.0,38.0,0.0,0.0,1.0,0.0,0.0,0.0,0.0,0.0,0.0,1.0,0.0,0.0,3.0,2.0,0.0,0.0,1.0,0.0,4.0,0.0,0.0,0.0,0.0,0.0
6602727368,668.0,"faist, thomas",university of bremen,germany,1,0.0,0.0,0.0,10.0,0.0,0.0,0.0,0.0,0.0,0.0,0.0,0.0,0.0,0.0,0.0,0.0,0.0,0.0,0.0,0.0,0.0,1.0,5.0,0.0,0.0,0.0,0.0,0.0,0.0,0.0,0.0,0.0
6507352515,663.0,"gerteis, joseph",university of minnesota,united states,3,0.0,0.0,0.0,0.0,0.0,0.0,0.0,1.0,0.0,0.0,0.0,0.0,0.0,0.0,0.0,0.0,0.0,0.0,0.0,0.0,0.0,1.0,1.0,0.0,0.0,0.0,0.0,0.0,0.0,0.0,1.0,0.0
6602095531,646.0,"schwalbe, michael",north carolina state university,united states,1,0.0,0.0,0.0,0.0,0.0,0.0,0.0,0.0,0.0,0.0,0.0,0.0,0.0,0.0,0.0,40.0,0.0,0.0,0.0,0.0,0.0,3.0,0.0,3.0,0.0,0.0,0.0,0.0,0.0,0.0,1.0,0.0
7004634058,646.0,"godwin, sandra",university of west florida,united states,1,0.0,0.0,0.0,0.0,0.0,0.0,0.0,0.0,0.0,0.0,0.0,0.0,0.0,0.0,0.0,40.0,0.0,0.0,0.0,0.0,0.0,3.0,0.0,3.0,0.0,0.0,0.0,0.0,0.0,0.0,1.0,0.0
8123643900,646.0,"holden, daphne",north carolina state university,united states,1,0.0,0.0,0.0,0.0,0.0,0.0,0.0,0.0,0.0,0.0,0.0,0.0,0.0,0.0,0.0,40.0,0.0,0.0,0.0,0.0,0.0,3.0,0.0,3.0,0.0,0.0,0.0,0.0,0.0,0.0,1.0,0.0
14319001200,638.0,"fourcade, marion",university of california; university of california-berkeley,france; united states,5,0.0,0.0,0.0,1.0,0.0,2.0,0.0,0.0,5.0,0.0,0.0,0.0,0.0,0.0,1.0,2.0,0.0,0.0,0.0,0.0,0.0,0.0,1.0,1.0,0.0,0.0,0.0,0.0,0.0,0.0,6.0,0.0
16300887000,635.0,"edgell, penny",university of minnesota,united states,3,0.0,0.0,0.0,0.0,0.0,1.0,0.0,0.0,0.0,0.0,0.0,0.0,0.0,0.0,0.0,1.0,0.0,1.0,0.0,0.0,0.0,2.0,1.0,0.0,0.0,0.0,0.0,0.0,0.0,0.0,5.0,0.0
24315252900,631.0,"swidler, ann",university of california; university of california-berkeley,united states,2,0.0,0.0,0.0,0.0,0.0,0.0,2.0,0.0,1.0,0.0,0.0,0.0,0.0,0.0,0.0,1.0,0.0,0.0,0.0,0.0,0.0,0.0,0.0,1.0,0.0,0.0,0.0,0.0,0.0,0.0,0.0,1.0
54411975800,628.0,"calarco, jessica mccrory",indiana university; university of pennsylvania,united states,3,0.0,0.0,0.0,0.0,0.0,0.0,0.0,0.0,0.0,0.0,0.0,0.0,0.0,0.0,0.0,17.0,0.0,0.0,0.0,0.0,0.0,21.0,1.0,0.0,0.0,0.0,0.0,0.0,0.0,0.0,1.0,0.0
25633650300,627.0,"butler, judith",university of california,united states,1,0.0,0.0,0.0,0.0,0.0,0.0,0.0,3.0,0.0,0.0,0.0,0.0,0.0,0.0,0.0,1.0,0.0,0.0,0.0,0.0,0.0,0.0,0.0,0.0,0.0,0.0,0.0,0.0,0.0,0.0,0.0,0.0
7007143873,618.0,"aldrich, howard e.",university of north carolina; university of north carolina-chapel hill,united states,2,0.0,0.0,0.0,0.0,0.0,0.0,0.0,0.0,0.0,0.0,0.0,0.0,0.0,0.0,0.0,0.0,0.0,1.0,0.0,0.0,0.0,0.0,9.0,0.0,0.0,0.0,0.0,0.0,0.0,0.0,0.0,0.0
56165812800,617.0,"monk, ellis p.",harvard university; princeton university; university of chicago,united states,6,0.0,0.0,0.0,0.0,0.0,3.0,9.0,0.0,3.0,0.0,0.0,0.0,0.0,0.0,4.0,6.0,0.0,0.0,0.0,0.0,0.0,4.0,2.0,1.0,0.0,0.0,26.0,3.0,1.0,0.0,5.0,0.0
6603287906,616.0,"vallas, steven peter",george mason university; northeastern university; sch. of hist.,united states,6,0.0,0.0,0.0,0.0,0.0,1.0,0.0,0.0,2.0,0.0,2.0,0.0,0.0,0.0,0.0,8.0,0.0,1.0,0.0,0.0,0.0,2.0,0.0,1.0,0.0,0.0,0.0,0.0,0.0,0.0,0.0,0.0
56209654100,611.0,"atkinson, will",the university of bristol; university of bristol,united kingdom,20,4.0,0.0,0.0,215.0,0.0,7.0,44.0,32.0,92.0,0.0,7.0,0.0,0.0,0.0,14.0,63.0,3.0,32.0,0.0,0.0,41.0,189.0,20.0,16.0,8.0,0.0,8.0,94.0,0.0,4.0,366.0,44.0
7003798144,607.0,"willms, j. douglas",university of new brunswick,canada,1,0.0,0.0,0.0,0.0,0.0,0.0,0.0,0.0,0.0,0.0,0.0,0.0,0.0,0.0,0.0,0.0,0.0,0.0,0.0,0.0,0.0,2.0,0.0,0.0,0.0,0.0,0.0,0.0,0.0,0.0,1.0,0.0
6506939043,607.0,"sui-chu, esther ho",university of british columbia,canada,1,0.0,0.0,0.0,0.0,0.0,0.0,0.0,0.0,0.0,0.0,0.0,0.0,0.0,0.0,0.0,0.0,0.0,0.0,0.0,0.0,0.0,2.0,0.0,0.0,0.0,0.0,0.0,0.0,0.0,0.0,1.0,0.0
7004107493,606.0,"mcneal jr., ralph b.",university of connecticut,united states,1,0.0,0.0,0.0,0.0,0.0,0.0,0.0,0.0,0.0,0.0,0.0,0.0,0.0,0.0,0.0,0.0,0.0,0.0,0.0,0.0,0.0,0.0,22.0,0.0,0.0,0.0,0.0,0.0,0.0,0.0,0.0,0.0
7201583580,605.0,"richards, greg",tilburg university,netherlands,2,0.0,0.0,0.0,0.0,0.0,2.0,1.0,7.0,0.0,0.0,0.0,0.0,0.0,0.0,0.0,2.0,0.0,0.0,0.0,0.0,0.0,32.0,0.0,0.0,0.0,0.0,0.0,0.0,0.0,0.0,1.0,0.0
25221917900,603.0,"mudge, stephanie l.",european university institute (eui); university of california,italy; united states,5,0.0,0.0,0.0,1.0,0.0,1.0,4.0,2.0,3.0,0.0,1.0,0.0,0.0,0.0,0.0,0.0,0.0,0.0,0.0,0.0,4.0,2.0,0.0,0.0,0.0,0.0,0.0,2.0,0.0,0.0,1.0,0.0
6701453800,600.0,"renzulli, linda a.",university of georgia; university of north carolina,united states,3,0.0,0.0,0.0,0.0,0.0,0.0,0.0,0.0,0.0,0.0,0.0,0.0,0.0,0.0,0.0,1.0,0.0,0.0,0.0,0.0,0.0,17.0,5.0,0.0,0.0,0.0,0.0,0.0,0.0,0.0,0.0,0.0
6505787781,593.0,"bonsu, samuel k.",york university,canada,1,0.0,0.0,0.0,0.0,0.0,0.0,0.0,0.0,0.0,0.0,0.0,0.0,0.0,0.0,0.0,2.0,0.0,0.0,0.0,0.0,0.0,2.0,0.0,0.0,0.0,0.0,0.0,0.0,0.0,0.0,0.0,0.0
25640882300,593.0,"darmody, aron",york university,canada,1,0.0,0.0,0.0,0.0,0.0,0.0,0.0,0.0,0.0,0.0,0.0,0.0,0.0,0.0,0.0,2.0,0.0,0.0,0.0,0.0,0.0,2.0,0.0,0.0,0.0,0.0,0.0,0.0,0.0,0.0,0.0,0.0
35147890800,588.0,"ingram, nicola",lancaster university; queen's university; university of bath,united kingdom,4,0.0,0.0,0.0,3.0,0.0,0.0,4.0,0.0,13.0,0.0,0.0,0.0,0.0,0.0,0.0,12.0,0.0,3.0,0.0,0.0,7.0,17.0,8.0,3.0,0.0,0.0,0.0,6.0,0.0,3.0,233.0,2.0
10239417800,582.0,"king, anthony",university of exeter,united kingdom,7,13.0,0.0,0.0,0.0,0.0,0.0,0.0,0.0,1.0,0.0,0.0,0.0,0.0,0.0,0.0,22.0,7.0,5.0,0.0,0.0,0.0,0.0,0.0,1.0,1.0,0.0,0.0,0.0,0.0,1.0,138.0,1.0
57203047660,578.0,"turner, bryan s.",australian catholic university; deakin university; department of sociology; national university; nottingham trent university; the graduate center; university of cambridge; university of western sydney; university of western sydney - religion and society research centre,australia; germany; singapore; united kingdom; united states,13,1.0,3.0,0.0,2.0,0.0,2.0,7.0,7.0,6.0,0.0,2.0,0.0,0.0,0.0,0.0,13.0,7.0,5.0,0.0,0.0,1.0,30.0,1.0,0.0,0.0,0.0,18.0,4.0,0.0,6.0,241.0,0.0
6603610673,573.0,"grusky, david b.",cornell university; stanford university,united states,4,0.0,0.0,0.0,0.0,0.0,0.0,0.0,0.0,0.0,0.0,0.0,0.0,0.0,0.0,0.0,12.0,0.0,0.0,0.0,0.0,0.0,2.0,0.0,0.0,0.0,0.0,1.0,0.0,0.0,0.0,2.0,0.0
7406604498,567.0,"johnson, monica kirkpatrick",university of north carolina at ch; washington state university,united states,4,0.0,0.0,0.0,0.0,0.0,0.0,2.0,0.0,1.0,0.0,0.0,0.0,0.0,0.0,0.0,1.0,0.0,1.0,0.0,0.0,0.0,0.0,0.0,7.0,0.0,0.0,0.0,2.0,0.0,0.0,13.0,0.0
36002701300,549.0,"moody, james",duke university,united states,4,0.0,0.0,0.0,1.0,0.0,0.0,0.0,0.0,1.0,0.0,0.0,0.0,0.0,0.0,0.0,1.0,0.0,1.0,0.0,0.0,0.0,0.0,28.0,0.0,0.0,0.0,0.0,0.0,0.0,0.0,3.0,0.0
8984587700,544.0,"von hippel, paul t.",ohio state university,united states,1,0.0,0.0,0.0,0.0,0.0,0.0,0.0,0.0,0.0,0.0,0.0,0.0,0.0,0.0,0.0,6.0,0.0,0.0,0.0,0.0,0.0,1.0,0.0,0.0,0.0,0.0,0.0,0.0,0.0,0.0,0.0,0.0
7103359770,540.0,"archer, louise",king's college london; kingâs college london; london metropolitan university; ucl institute of education; university college london; university of north london,united kingdom,10,0.0,0.0,0.0,6.0,0.0,8.0,5.0,0.0,4.0,0.0,0.0,0.0,0.0,0.0,0.0,67.0,0.0,3.0,0.0,0.0,1.0,32.0,10.0,1.0,1.0,0.0,4.0,13.0,4.0,0.0,32.0,0.0
7102366844,539.0,"osborne, thomas",university of bristol,united kingdom,5,0.0,0.0,0.0,0.0,0.0,0.0,3.0,0.0,0.0,0.0,0.0,0.0,0.0,0.0,0.0,3.0,0.0,0.0,0.0,0.0,0.0,0.0,0.0,3.0,0.0,0.0,0.0,0.0,0.0,0.0,1.0,0.0
8575249600,534.0,"morris, edward w.",ohio university; university of kentucky,united states,3,0.0,0.0,0.0,1.0,0.0,0.0,0.0,0.0,0.0,0.0,0.0,0.0,0.0,0.0,0.0,13.0,0.0,0.0,0.0,0.0,0.0,25.0,0.0,0.0,0.0,0.0,0.0,0.0,1.0,0.0,1.0,0.0
6701797178,532.0,"bourgois, philippe",university of california,united states,4,0.0,0.0,0.0,0.0,0.0,0.0,1.0,0.0,0.0,0.0,0.0,0.0,0.0,0.0,0.0,0.0,0.0,1.0,0.0,0.0,1.0,0.0,0.0,0.0,0.0,0.0,0.0,20.0,0.0,1.0,33.0,0.0
6604024305,526.0,"sherkat, darren e.",southern illinois university; vanderbilt university,united states,4,0.0,0.0,0.0,1.0,0.0,0.0,0.0,5.0,0.0,0.0,0.0,0.0,0.0,0.0,0.0,1.0,0.0,0.0,0.0,0.0,0.0,23.0,0.0,0.0,0.0,0.0,0.0,0.0,0.0,0.0,0.0,0.0
35996340900,520.0,"burt, ronald s.",university of chicago,united states,1,0.0,0.0,0.0,0.0,0.0,0.0,0.0,0.0,0.0,0.0,0.0,0.0,0.0,0.0,0.0,0.0,0.0,0.0,0.0,0.0,0.0,0.0,0.0,0.0,0.0,0.0,0.0,0.0,0.0,0.0,0.0,0.0
8681751000,520.0,"lawler, stephanie",university of durham,united kingdom,2,0.0,0.0,0.0,10.0,0.0,1.0,3.0,1.0,0.0,0.0,0.0,0.0,0.0,0.0,0.0,0.0,0.0,2.0,0.0,0.0,0.0,5.0,1.0,0.0,1.0,0.0,2.0,2.0,0.0,1.0,14.0,2.0
7403350533,519.0,"collins, randall",university of california; university of pennsylvania,united states,4,0.0,0.0,0.0,0.0,0.0,1.0,2.0,1.0,0.0,0.0,0.0,0.0,0.0,0.0,0.0,0.0,0.0,0.0,0.0,0.0,0.0,4.0,0.0,0.0,0.0,0.0,0.0,0.0,0.0,0.0,1.0,0.0
23033338200,517.0,"bucholtz, mary",texas a and m university,united states,1,0.0,0.0,0.0,0.0,0.0,1.0,0.0,0.0,0.0,0.0,0.0,0.0,0.0,0.0,0.0,2.0,0.0,3.0,0.0,0.0,0.0,0.0,0.0,0.0,0.0,0.0,1.0,0.0,0.0,0.0,9.0,0.0
35427099700,516.0,"elder jr., glen h.",jr.; university of north carolina,united states,3,0.0,0.0,0.0,1.0,0.0,0.0,10.0,0.0,3.0,0.0,0.0,0.0,0.0,0.0,0.0,4.0,1.0,0.0,0.0,0.0,0.0,6.0,58.0,2.0,0.0,0.0,0.0,0.0,0.0,0.0,0.0,0.0
7201374300,509.0,"nash, roy",education massey university; massey univ. college of education; massey university; massey university college of education,new zealand,9,0.0,0.0,0.0,2.0,0.0,4.0,0.0,4.0,13.0,0.0,0.0,0.0,0.0,0.0,0.0,73.0,0.0,14.0,0.0,0.0,0.0,27.0,3.0,3.0,1.0,0.0,0.0,6.0,0.0,11.0,218.0,4.0
7403959608,509.0,"xie, yu",princeton university; university of michigan,china; united states,4,0.0,0.0,0.0,0.0,0.0,0.0,0.0,0.0,0.0,0.0,0.0,0.0,0.0,0.0,0.0,6.0,0.0,0.0,0.0,0.0,0.0,3.0,2.0,0.0,0.0,0.0,0.0,0.0,0.0,0.0,1.0,0.0
6701710686,508.0,"mark, noah p.",stanford university; university of arizona; university of north carolina at charlotte,united states,5,0.0,0.0,0.0,76.0,0.0,0.0,0.0,8.0,0.0,0.0,0.0,0.0,0.0,0.0,0.0,3.0,0.0,0.0,0.0,0.0,0.0,28.0,0.0,0.0,0.0,0.0,0.0,0.0,0.0,0.0,0.0,0.0
55471268800,508.0,"wright, david",open university; the open university; university of warwick,united kingdom,7,0.0,0.0,0.0,30.0,0.0,2.0,8.0,50.0,1.0,0.0,0.0,0.0,0.0,0.0,0.0,11.0,0.0,0.0,0.0,0.0,0.0,106.0,1.0,0.0,1.0,0.0,2.0,0.0,0.0,3.0,8.0,1.0
23392008400,507.0,"anderson, eric",university of bath; university of winchester,united kingdom,4,0.0,0.0,0.0,1.0,0.0,0.0,0.0,0.0,0.0,0.0,0.0,0.0,0.0,0.0,0.0,9.0,0.0,0.0,0.0,0.0,0.0,1.0,1.0,0.0,0.0,0.0,0.0,0.0,0.0,0.0,12.0,0.0
26028404300,504.0,"mcgoey, linsey",university of essex,united kingdom,3,0.0,0.0,0.0,0.0,0.0,1.0,0.0,0.0,1.0,0.0,0.0,0.0,0.0,0.0,0.0,3.0,0.0,0.0,0.0,0.0,0.0,1.0,0.0,2.0,0.0,0.0,0.0,3.0,0.0,0.0,1.0,0.0
13204821700,478.0,"mason, jennifer",university of manchester,united kingdom,1,0.0,0.0,0.0,0.0,0.0,0.0,4.0,0.0,0.0,0.0,0.0,0.0,0.0,0.0,0.0,0.0,0.0,0.0,0.0,0.0,0.0,0.0,0.0,0.0,0.0,0.0,0.0,0.0,0.0,0.0,1.0,0.0
7403126194,476.0,"davies, scott",mcmaster university; university of toronto,canada,3,0.0,0.0,0.0,0.0,0.0,0.0,0.0,0.0,0.0,0.0,0.0,0.0,0.0,0.0,0.0,4.0,0.0,0.0,0.0,0.0,0.0,8.0,2.0,0.0,0.0,0.0,0.0,0.0,0.0,0.0,1.0,0.0
7003450826,474.0,"castles, stephen",university of oxford,united kingdom,1,0.0,0.0,0.0,0.0,0.0,0.0,0.0,0.0,0.0,0.0,0.0,0.0,0.0,0.0,0.0,0.0,0.0,0.0,0.0,0.0,0.0,1.0,1.0,0.0,0.0,0.0,0.0,0.0,0.0,0.0,0.0,0.0
26434107700,474.0,"zillien, nicole",university of trier,germany,1,0.0,0.0,0.0,0.0,0.0,0.0,0.0,0.0,0.0,0.0,0.0,0.0,0.0,0.0,0.0,0.0,0.0,0.0,0.0,0.0,0.0,0.0,0.0,0.0,0.0,0.0,0.0,0.0,0.0,0.0,1.0,0.0
6602640199,474.0,"hargittai, eszter",northwestern university,united states,1,0.0,0.0,0.0,0.0,0.0,0.0,0.0,0.0,0.0,0.0,0.0,0.0,0.0,0.0,0.0,0.0,0.0,0.0,0.0,0.0,0.0,0.0,0.0,0.0,0.0,0.0,0.0,0.0,0.0,0.0,1.0,0.0
6602133707,472.0,"hodkinson, phil",manchester metropolitan university,united kingdom,1,0.0,0.0,0.0,0.0,0.0,0.0,1.0,0.0,0.0,0.0,0.0,0.0,0.0,0.0,0.0,2.0,7.0,0.0,0.0,0.0,0.0,1.0,0.0,0.0,0.0,0.0,0.0,0.0,0.0,1.0,25.0,0.0
10044818600,471.0,"steinmetz, george",university of michigan; university of michigan.,united states,9,3.0,0.0,0.0,14.0,0.0,30.0,8.0,5.0,6.0,0.0,27.0,2.0,0.0,0.0,0.0,12.0,0.0,2.0,0.0,0.0,38.0,36.0,2.0,8.0,0.0,0.0,0.0,1.0,0.0,1.0,69.0,6.0
9635418700,471.0,"halkier, bente",roskilde university; university of copenhagen,denmark,3,0.0,0.0,0.0,0.0,0.0,0.0,35.0,0.0,0.0,0.0,0.0,0.0,0.0,0.0,0.0,6.0,0.0,54.0,0.0,0.0,0.0,0.0,0.0,0.0,0.0,0.0,0.0,0.0,0.0,0.0,1.0,0.0
6602478607,470.0,"silbey, susan",department of sociology; massachusetts institute of technology,united states,2,0.0,0.0,0.0,0.0,0.0,0.0,1.0,0.0,2.0,0.0,0.0,0.0,0.0,0.0,0.0,5.0,0.0,1.0,0.0,0.0,0.0,0.0,1.0,0.0,0.0,0.0,0.0,1.0,0.0,0.0,1.0,0.0
7005826259,468.0,"ganz, marshall",harvard university,united states,1,0.0,0.0,0.0,0.0,0.0,0.0,0.0,0.0,0.0,0.0,0.0,0.0,0.0,0.0,0.0,0.0,0.0,1.0,0.0,0.0,0.0,0.0,1.0,0.0,0.0,0.0,0.0,0.0,0.0,0.0,0.0,0.0
6602751526,468.0,"shilling, chris",university of kent; university of portsmouth; university of southampton,united kingdom,9,0.0,5.0,0.0,1.0,0.0,0.0,2.0,2.0,0.0,2.0,0.0,0.0,0.0,0.0,0.0,28.0,0.0,1.0,1.0,0.0,5.0,9.0,3.0,1.0,0.0,0.0,37.0,0.0,0.0,3.0,42.0,0.0
6603363368,467.0,"tribe, john",the university of surrey; university of surrey,united kingdom,2,0.0,0.0,0.0,0.0,0.0,0.0,3.0,0.0,0.0,0.0,0.0,2.0,1.0,0.0,0.0,3.0,0.0,0.0,0.0,0.0,0.0,0.0,0.0,0.0,0.0,0.0,0.0,0.0,0.0,0.0,1.0,0.0
6602985794,463.0,"maas, ineke",max planck inst. hum. devmt. educ.; utrecht university,germany; netherlands,6,0.0,0.0,0.0,0.0,0.0,0.0,0.0,0.0,0.0,0.0,0.0,0.0,0.0,0.0,0.0,38.0,0.0,0.0,0.0,0.0,0.0,100.0,1.0,0.0,0.0,0.0,0.0,0.0,0.0,0.0,0.0,0.0
55456025800,457.0,"jackson, michelle",nuffield college; oxford university; stanford university; stockholm university,united kingdom; united states,4,0.0,0.0,0.0,0.0,0.0,0.0,0.0,0.0,0.0,0.0,0.0,0.0,0.0,0.0,0.0,0.0,0.0,0.0,0.0,0.0,0.0,1.0,0.0,0.0,0.0,0.0,0.0,0.0,0.0,1.0,2.0,0.0
8654644900,457.0,"roksa, josipa",university of virginia,united states,6,0.0,0.0,0.0,3.0,0.0,0.0,0.0,0.0,1.0,0.0,0.0,0.0,0.0,0.0,1.0,72.0,0.0,0.0,0.0,0.0,0.0,85.0,1.0,0.0,0.0,0.0,0.0,0.0,0.0,1.0,64.0,0.0
7402104178,456.0,"david, miriam",university of keele; university of london,united kingdom,3,0.0,0.0,0.0,0.0,0.0,0.0,7.0,0.0,1.0,0.0,1.0,0.0,2.0,0.0,0.0,7.0,0.0,4.0,0.0,0.0,0.0,2.0,1.0,0.0,0.0,0.0,0.0,0.0,0.0,0.0,13.0,0.0
26530837600,453.0,"bonikowski, bart",harvard university; princeton university,united states,3,0.0,0.0,0.0,1.0,0.0,1.0,0.0,4.0,1.0,0.0,0.0,0.0,0.0,0.0,0.0,2.0,0.0,0.0,0.0,0.0,7.0,7.0,1.0,0.0,5.0,0.0,1.0,0.0,0.0,0.0,0.0,0.0
6602181538,453.0,"monaghan, lee f.",newcastle university; social policy university of newcastle upon tyne; university of limerick,ireland; united kingdom,7,0.0,1.0,0.0,3.0,0.0,0.0,12.0,1.0,4.0,0.0,0.0,0.0,0.0,0.0,0.0,3.0,0.0,0.0,0.0,4.0,0.0,2.0,0.0,3.0,0.0,0.0,29.0,14.0,0.0,1.0,14.0,0.0
7004230904,449.0,"jessop, bob",lancaster university; university of lancaster,united kingdom,2,0.0,0.0,0.0,0.0,0.0,0.0,0.0,0.0,5.0,0.0,0.0,0.0,0.0,0.0,0.0,17.0,0.0,0.0,0.0,0.0,0.0,0.0,0.0,0.0,1.0,0.0,0.0,0.0,0.0,0.0,2.0,0.0
25621586300,446.0,"spaaij, ramÃ³n",la trobe university; victoria university,australia; netherlands,7,0.0,0.0,0.0,1.0,0.0,3.0,3.0,2.0,2.0,0.0,3.0,0.0,0.0,0.0,0.0,14.0,0.0,0.0,0.0,0.0,1.0,29.0,167.0,0.0,1.0,0.0,1.0,0.0,0.0,6.0,47.0,0.0
6506256972,438.0,"ferlander, sara",sÃ¶dertÃ¶rn university college,sweden,2,0.0,0.0,0.0,0.0,0.0,0.0,0.0,0.0,0.0,0.0,0.0,0.0,0.0,0.0,0.0,0.0,0.0,0.0,0.0,0.0,0.0,0.0,229.0,0.0,0.0,0.0,0.0,0.0,0.0,0.0,0.0,0.0
7006423470,435.0,"fine, gary alan",northwestern university; university of georgia,united states,12,2.0,0.0,1.0,1.0,0.0,1.0,1.0,3.0,2.0,0.0,1.0,0.0,0.0,0.0,0.0,3.0,0.0,2.0,0.0,0.0,4.0,15.0,3.0,8.0,1.0,0.0,0.0,0.0,0.0,0.0,3.0,0.0
55494852500,435.0,"miller, daniel",university college london; university of college of london,united kingdom,2,0.0,0.0,0.0,0.0,0.0,0.0,0.0,0.0,0.0,0.0,0.0,0.0,0.0,0.0,0.0,1.0,0.0,0.0,0.0,0.0,0.0,0.0,0.0,2.0,0.0,0.0,0.0,0.0,0.0,0.0,0.0,0.0
7101771612,435.0,"rodgers, dennis",university of glasgow,united kingdom,2,0.0,0.0,0.0,1.0,0.0,1.0,2.0,1.0,0.0,0.0,0.0,0.0,0.0,0.0,0.0,1.0,0.0,0.0,0.0,0.0,0.0,0.0,0.0,1.0,0.0,0.0,0.0,0.0,0.0,0.0,0.0,0.0
58360432300,431.0,"davies, jackie",university of london,united kingdom,1,0.0,0.0,0.0,0.0,0.0,0.0,0.0,0.0,0.0,0.0,0.0,0.0,0.0,0.0,0.0,6.0,0.0,3.0,0.0,0.0,0.0,1.0,1.0,0.0,0.0,0.0,0.0,0.0,0.0,0.0,13.0,0.0
7003592159,430.0,"gubrium, jaber f.",university of florida; university of missouri,united states,3,0.0,0.0,0.0,0.0,1.0,0.0,14.0,0.0,1.0,0.0,0.0,1.0,0.0,0.0,0.0,2.0,0.0,4.0,0.0,0.0,0.0,3.0,0.0,1.0,0.0,0.0,0.0,0.0,0.0,0.0,11.0,0.0
7003885458,430.0,"holstein, james a.",marquette university,united states,3,0.0,0.0,0.0,0.0,1.0,0.0,14.0,0.0,1.0,0.0,0.0,1.0,0.0,0.0,0.0,2.0,0.0,4.0,0.0,0.0,0.0,3.0,0.0,1.0,0.0,0.0,0.0,0.0,0.0,0.0,11.0,0.0
14068347600,429.0,"brand, jennie e.",university of california-los angeles,united states,1,0.0,0.0,0.0,0.0,0.0,0.0,0.0,0.0,0.0,0.0,0.0,0.0,0.0,0.0,0.0,2.0,0.0,0.0,0.0,0.0,0.0,2.0,2.0,0.0,0.0,0.0,0.0,0.0,0.0,0.0,0.0,0.0
7401874702,429.0,"hansen, marianne nordli",dept. of sociol. and human geography; university of oslo,norway,10,0.0,0.0,0.0,5.0,0.0,0.0,0.0,1.0,0.0,0.0,0.0,0.0,0.0,0.0,0.0,54.0,0.0,0.0,0.0,0.0,0.0,100.0,3.0,0.0,0.0,0.0,0.0,1.0,0.0,0.0,0.0,0.0
56429410400,426.0,"abascal, maria",columbia university; new york university; princeton university,united states,4,0.0,0.0,0.0,1.0,0.0,4.0,0.0,0.0,0.0,0.0,0.0,0.0,0.0,0.0,0.0,0.0,0.0,0.0,0.0,0.0,0.0,0.0,22.0,1.0,0.0,0.0,0.0,0.0,0.0,0.0,0.0,0.0
7006141819,425.0,"kingston, paul w.",university of virginia,united states,2,0.0,0.0,0.0,0.0,0.0,0.0,0.0,0.0,0.0,0.0,0.0,0.0,0.0,0.0,0.0,30.0,0.0,0.0,0.0,0.0,0.0,33.0,13.0,0.0,0.0,0.0,0.0,0.0,0.0,0.0,0.0,0.0
7201612172,424.0,"ryan, louise",middlesex university,united kingdom,2,0.0,0.0,0.0,6.0,0.0,0.0,0.0,0.0,0.0,0.0,0.0,0.0,0.0,0.0,0.0,0.0,0.0,0.0,0.0,0.0,0.0,2.0,10.0,0.0,0.0,0.0,0.0,0.0,0.0,0.0,0.0,0.0
6701445444,423.0,"loader, ian",keele university; university of oxford,united kingdom,4,0.0,1.0,0.0,0.0,0.0,2.0,1.0,0.0,5.0,0.0,0.0,0.0,0.0,0.0,0.0,1.0,0.0,0.0,0.0,0.0,0.0,0.0,0.0,0.0,0.0,0.0,0.0,22.0,0.0,3.0,2.0,0.0
6507121142,423.0,"bigo, didier",king's college; king's college london; kings college london,france; united kingdom; united states,4,1.0,0.0,0.0,0.0,0.0,3.0,22.0,0.0,10.0,0.0,2.0,0.0,0.0,0.0,10.0,4.0,0.0,18.0,0.0,0.0,29.0,1.0,0.0,6.0,15.0,0.0,0.0,1.0,0.0,0.0,84.0,24.0
6602327376,421.0,"burris, val",university of oregon,united states,1,0.0,0.0,0.0,0.0,0.0,3.0,1.0,1.0,0.0,0.0,0.0,0.0,0.0,0.0,0.0,7.0,0.0,0.0,0.0,0.0,0.0,3.0,75.0,0.0,0.0,0.0,0.0,0.0,0.0,0.0,0.0,0.0
6701840147,420.0,"bruner, edward m.",university of illinois,united states,1,0.0,0.0,0.0,0.0,0.0,0.0,0.0,1.0,1.0,0.0,0.0,0.0,0.0,0.0,0.0,5.0,0.0,0.0,0.0,0.0,0.0,0.0,0.0,0.0,0.0,0.0,0.0,0.0,0.0,0.0,0.0,0.0
57207509956,420.0,"macy, michael w.",cornell university,united states,2,0.0,0.0,0.0,0.0,0.0,0.0,0.0,0.0,0.0,0.0,0.0,0.0,0.0,0.0,0.0,0.0,0.0,0.0,0.0,0.0,0.0,2.0,0.0,12.0,1.0,0.0,0.0,0.0,0.0,0.0,1.0,1.0
10042699900,420.0,"goldrick-rab, sara",university of wisconsin-madison,united states,2,0.0,0.0,0.0,0.0,0.0,0.0,0.0,0.0,0.0,0.0,0.0,0.0,0.0,0.0,0.0,4.0,0.0,0.0,0.0,0.0,0.0,2.0,0.0,0.0,0.0,0.0,0.0,0.0,0.0,0.0,1.0,0.0
7201856251,417.0,"shim, janet k.",university of california,united states,1,0.0,0.0,0.0,0.0,0.0,1.0,0.0,1.0,0.0,0.0,0.0,0.0,0.0,0.0,0.0,1.0,0.0,0.0,0.0,0.0,0.0,34.0,0.0,0.0,0.0,0.0,0.0,1.0,0.0,2.0,6.0,0.0
24555088700,417.0,"bernstein, mary",university of connecticut,united states,1,0.0,0.0,0.0,0.0,0.0,3.0,0.0,0.0,1.0,0.0,0.0,0.0,0.0,0.0,0.0,0.0,0.0,2.0,0.0,0.0,0.0,1.0,0.0,0.0,0.0,0.0,0.0,0.0,0.0,0.0,0.0,0.0
6506726175,416.0,"shinew, kimberly j.",department of leisure studies; university of illinois; university of illinois at urbana champaign,united states,3,0.0,0.0,0.0,2.0,0.0,1.0,0.0,0.0,0.0,0.0,0.0,0.0,0.0,0.0,0.0,5.0,0.0,0.0,0.0,0.0,1.0,7.0,77.0,0.0,1.0,0.0,0.0,0.0,0.0,0.0,12.0,0.0
36783487100,416.0,"lehmann, wolfgang",the university of western ontario; university of western ontario,canada,5,21.0,0.0,0.0,1.0,0.0,0.0,1.0,0.0,0.0,0.0,0.0,0.0,0.0,0.0,0.0,9.0,0.0,1.0,0.0,0.0,0.0,6.0,63.0,1.0,0.0,0.0,1.0,0.0,0.0,0.0,163.0,0.0
36058793400,415.0,"foster, jacob g",university of california-los angeles,united states,2,0.0,0.0,0.0,0.0,0.0,0.0,1.0,2.0,0.0,0.0,0.0,0.0,0.0,0.0,3.0,1.0,0.0,0.0,0.0,0.0,4.0,2.0,0.0,0.0,0.0,0.0,0.0,0.0,0.0,0.0,19.0,0.0
7006804323,414.0,"flora, jan l.",iowa state university,united states,2,0.0,0.0,0.0,1.0,0.0,0.0,1.0,2.0,0.0,0.0,1.0,0.0,0.0,0.0,0.0,0.0,1.0,0.0,0.0,0.0,1.0,5.0,138.0,0.0,0.0,0.0,1.0,1.0,0.0,0.0,1.0,0.0
6602210641,413.0,"auyero, javier",sociology department; state university of new york; state university of new york at stony brook; state university of new york-stony brook; the university of texas at austin; university of texas; university of texas at austin,argentina; spain; united states,11,8.0,2.0,1.0,3.0,0.0,1.0,1.0,0.0,11.0,0.0,0.0,0.0,0.0,0.0,0.0,10.0,0.0,10.0,0.0,0.0,0.0,0.0,0.0,1.0,1.0,0.0,0.0,6.0,0.0,3.0,43.0,0.0
55233642900,412.0,"cho, jinhyun",c5a macquarie university,australia,1,0.0,0.0,0.0,0.0,0.0,0.0,0.0,0.0,0.0,0.0,0.0,0.0,0.0,0.0,0.0,0.0,0.0,0.0,0.0,0.0,0.0,0.0,0.0,1.0,0.0,0.0,0.0,0.0,0.0,0.0,0.0,0.0
37107642600,411.0,"goldberg, amir",princeton university; stanford university,united states,3,0.0,0.0,0.0,6.0,0.0,1.0,1.0,1.0,1.0,0.0,0.0,0.0,0.0,0.0,0.0,0.0,0.0,0.0,0.0,0.0,0.0,13.0,0.0,0.0,3.0,0.0,0.0,0.0,0.0,0.0,1.0,0.0
6602678629,407.0,"frickel, scott",tulane university,united states,1,0.0,0.0,0.0,0.0,0.0,0.0,0.0,1.0,1.0,0.0,0.0,0.0,0.0,0.0,0.0,1.0,0.0,0.0,0.0,0.0,0.0,1.0,1.0,0.0,0.0,0.0,0.0,0.0,0.0,0.0,1.0,0.0
6508005473,407.0,"bechky, beth a.",university of california,united states,1,0.0,0.0,0.0,0.0,0.0,0.0,0.0,0.0,0.0,0.0,0.0,0.0,0.0,0.0,0.0,1.0,0.0,0.0,0.0,0.0,0.0,0.0,0.0,0.0,0.0,0.0,0.0,1.0,0.0,0.0,0.0,0.0
35894594100,406.0,"hagan, john",northwestern university; university of toronto,canada; united states,5,0.0,0.0,0.0,0.0,0.0,0.0,2.0,0.0,0.0,0.0,0.0,0.0,0.0,0.0,0.0,5.0,0.0,1.0,0.0,0.0,1.0,30.0,35.0,1.0,0.0,0.0,0.0,5.0,0.0,1.0,4.0,0.0
6602117903,405.0,"triandafyllidou, anna",institute of psychology,italy,3,0.0,0.0,0.0,0.0,0.0,0.0,0.0,0.0,0.0,0.0,0.0,0.0,0.0,0.0,0.0,1.0,0.0,0.0,0.0,0.0,0.0,6.0,3.0,0.0,0.0,0.0,0.0,0.0,0.0,0.0,0.0,0.0
7203008373,403.0,"o'neill, bruce",stanford university,united states,2,0.0,0.0,0.0,2.0,0.0,1.0,3.0,0.0,0.0,0.0,0.0,0.0,0.0,0.0,0.0,0.0,0.0,0.0,0.0,0.0,0.0,0.0,0.0,0.0,0.0,0.0,0.0,0.0,0.0,0.0,0.0,0.0
35104401200,403.0,"avelino, flor",erasmus university of rotterdam,netherlands,1,0.0,0.0,0.0,1.0,0.0,0.0,1.0,0.0,0.0,0.0,0.0,0.0,0.0,0.0,0.0,1.0,0.0,0.0,0.0,0.0,0.0,0.0,0.0,0.0,0.0,0.0,0.0,0.0,0.0,0.0,0.0,0.0
7005311747,403.0,"rotmans, jan",erasmus university of rotterdam,netherlands,1,0.0,0.0,0.0,1.0,0.0,0.0,1.0,0.0,0.0,0.0,0.0,0.0,0.0,0.0,0.0,1.0,0.0,0.0,0.0,0.0,0.0,0.0,0.0,0.0,0.0,0.0,0.0,0.0,0.0,0.0,0.0,0.0
55402311600,401.0,"healy, kieran",duke university,united states,1,0.0,0.0,0.0,1.0,0.0,2.0,0.0,0.0,0.0,0.0,0.0,0.0,0.0,0.0,0.0,0.0,0.0,0.0,0.0,0.0,0.0,0.0,0.0,0.0,0.0,0.0,0.0,0.0,0.0,0.0,3.0,0.0
7201854931,400.0,"silva, elizabeth b.",open university; the open university,united kingdom,9,2.0,0.0,0.0,28.0,0.0,5.0,18.0,10.0,6.0,0.0,4.0,1.0,0.0,0.0,0.0,15.0,0.0,13.0,0.0,0.0,17.0,93.0,2.0,12.0,3.0,0.0,0.0,6.0,0.0,3.0,291.0,3.0
7801649850,399.0,"elsrud, torun",kalmar university; linnaeus university,sweden,2,0.0,0.0,0.0,0.0,0.0,0.0,2.0,0.0,0.0,0.0,0.0,0.0,0.0,0.0,0.0,1.0,0.0,0.0,0.0,0.0,0.0,0.0,0.0,0.0,0.0,0.0,0.0,0.0,0.0,0.0,0.0,0.0
6602760123,397.0,"lingard, bob",australian catholic university; the university of edinburgh; the university of queensland; university of edinburgh; university of queensland; university of sheffield,australia; united kingdom,10,0.0,0.0,0.0,7.0,0.0,9.0,1.0,0.0,6.0,1.0,3.0,0.0,0.0,0.0,0.0,32.0,0.0,5.0,0.0,0.0,4.0,64.0,18.0,2.0,1.0,0.0,15.0,6.0,0.0,4.0,148.0,0.0
6603314538,396.0,"bottero, wendy",university of manchester,united kingdom,7,0.0,0.0,0.0,51.0,0.0,1.0,78.0,6.0,8.0,0.0,1.0,0.0,0.0,0.0,0.0,20.0,0.0,6.0,0.0,0.0,4.0,8.0,6.0,7.0,11.0,0.0,0.0,2.0,0.0,8.0,168.0,22.0
7201452483,395.0,"parry, diana c.",university of waterloo,canada,3,0.0,0.0,0.0,0.0,0.0,0.0,3.0,0.0,0.0,0.0,0.0,0.0,0.0,0.0,0.0,3.0,0.0,0.0,0.0,0.0,0.0,0.0,77.0,1.0,1.0,0.0,0.0,0.0,0.0,0.0,0.0,0.0
55769746346,394.0,"browning, christopher r.",ohio state university,united states,1,0.0,0.0,0.0,1.0,0.0,0.0,0.0,0.0,0.0,0.0,0.0,0.0,0.0,0.0,0.0,0.0,0.0,0.0,0.0,0.0,0.0,0.0,16.0,0.0,0.0,0.0,0.0,0.0,0.0,0.0,0.0,0.0
6602604971,394.0,"cagney, kathleen a.",,,1,0.0,0.0,0.0,1.0,0.0,0.0,0.0,0.0,0.0,0.0,0.0,0.0,0.0,0.0,0.0,0.0,0.0,0.0,0.0,0.0,0.0,0.0,16.0,0.0,0.0,0.0,0.0,0.0,0.0,0.0,0.0,0.0
23567845000,391.0,"bodovski, katerina",pennsylvania state university; the pennsylvania state university,united states,5,0.0,0.0,0.0,1.0,0.0,0.0,0.0,4.0,0.0,0.0,0.0,0.0,0.0,0.0,0.0,20.0,0.0,3.0,0.0,0.0,0.0,150.0,2.0,0.0,0.0,0.0,0.0,0.0,0.0,0.0,95.0,0.0
35857545100,390.0,"jamieson, lynn",university of edinburgh,united kingdom,2,0.0,0.0,0.0,0.0,0.0,0.0,0.0,0.0,1.0,0.0,0.0,0.0,0.0,0.0,0.0,9.0,0.0,0.0,0.0,0.0,0.0,0.0,1.0,0.0,0.0,0.0,0.0,0.0,0.0,0.0,2.0,0.0
7004906243,387.0,"pampel, fred c.",university of colorado; university of colorado boulder,united states,6,0.0,0.0,0.0,0.0,0.0,2.0,0.0,0.0,1.0,0.0,0.0,0.0,0.0,0.0,0.0,1.0,0.0,0.0,0.0,0.0,0.0,21.0,15.0,0.0,0.0,0.0,0.0,0.0,0.0,0.0,0.0,0.0
8674065800,383.0,"hennion, antoine",Ã©cole des mines de paris,france,1,0.0,0.0,0.0,0.0,0.0,0.0,29.0,0.0,0.0,0.0,0.0,0.0,0.0,0.0,0.0,0.0,0.0,0.0,0.0,0.0,0.0,0.0,0.0,1.0,0.0,0.0,0.0,0.0,0.0,0.0,1.0,0.0
22136740200,382.0,"vauchez, antoine",centre europÃ©en de sociologie et science politique; centre national de la recherche scientifique; robert schuman centre/european university institute,france; italy,5,0.0,0.0,0.0,1.0,0.0,2.0,3.0,2.0,2.0,0.0,5.0,0.0,0.0,0.0,0.0,0.0,0.0,0.0,0.0,0.0,10.0,2.0,1.0,0.0,0.0,0.0,0.0,4.0,0.0,0.0,3.0,0.0
8697722400,382.0,"li, yaojun",manchester university; university of manchester,united kingdom,6,0.0,0.0,0.0,3.0,0.0,0.0,2.0,0.0,0.0,0.0,0.0,0.0,0.0,0.0,0.0,3.0,0.0,1.0,0.0,0.0,0.0,30.0,191.0,0.0,0.0,0.0,0.0,0.0,0.0,0.0,1.0,0.0
7202205792,381.0,"sÃ¸rensen, aage b.",harvard university,united states,2,0.0,0.0,0.0,0.0,0.0,0.0,0.0,0.0,0.0,0.0,0.0,0.0,0.0,0.0,0.0,0.0,0.0,0.0,0.0,0.0,0.0,0.0,0.0,2.0,0.0,0.0,0.0,0.0,0.0,0.0,1.0,0.0
34977359200,379.0,"papachristos, andrew v.",university of massachusetts,united states,1,0.0,0.0,0.0,0.0,0.0,1.0,0.0,0.0,0.0,0.0,0.0,0.0,0.0,0.0,0.0,0.0,0.0,0.0,0.0,0.0,0.0,0.0,0.0,0.0,0.0,0.0,0.0,0.0,0.0,0.0,0.0,0.0
26530927100,379.0,"bail, christopher a.",duke university; university of north carolina-chapel hill,united states,3,0.0,0.0,0.0,0.0,0.0,0.0,0.0,0.0,0.0,0.0,0.0,0.0,0.0,0.0,0.0,2.0,0.0,0.0,0.0,0.0,3.0,3.0,0.0,0.0,0.0,0.0,0.0,0.0,0.0,0.0,1.0,0.0
6602212078,377.0,"van oorschot, wim",tilburg university; university of tilburg,netherlands,6,0.0,0.0,0.0,0.0,0.0,0.0,0.0,0.0,0.0,0.0,0.0,0.0,0.0,0.0,0.0,5.0,0.0,0.0,0.0,0.0,0.0,8.0,378.0,1.0,0.0,0.0,0.0,0.0,0.0,0.0,0.0,0.0
7203058397,376.0,"alexander, karl l.",johns hopkins university,united states,2,0.0,0.0,0.0,0.0,0.0,0.0,1.0,0.0,0.0,0.0,0.0,0.0,0.0,0.0,0.0,3.0,0.0,0.0,0.0,0.0,0.0,0.0,0.0,0.0,0.0,0.0,0.0,0.0,0.0,0.0,0.0,0.0
7003874247,376.0,"entwisle, doris r.",johns hopkins university,united states,2,0.0,0.0,0.0,0.0,0.0,0.0,1.0,0.0,0.0,0.0,0.0,0.0,0.0,0.0,0.0,3.0,0.0,0.0,0.0,0.0,0.0,0.0,0.0,0.0,0.0,0.0,0.0,0.0,0.0,0.0,0.0,0.0
8901742200,375.0,"calhoun, craig",new york university,united states,2,0.0,0.0,0.0,0.0,0.0,0.0,0.0,2.0,0.0,0.0,0.0,0.0,0.0,0.0,0.0,1.0,0.0,1.0,0.0,0.0,0.0,4.0,0.0,1.0,0.0,0.0,0.0,1.0,0.0,0.0,0.0,0.0
35948012000,373.0,"mcdonnell, terence e.",university of notre dame; vanderbilt university,united states,3,0.0,0.0,0.0,2.0,0.0,0.0,2.0,2.0,0.0,0.0,0.0,0.0,0.0,0.0,0.0,0.0,0.0,0.0,0.0,1.0,0.0,0.0,0.0,0.0,0.0,0.0,0.0,1.0,0.0,0.0,0.0,0.0
7402176341,371.0,"wallace, claire",university of aberdeen,united kingdom,2,0.0,0.0,0.0,0.0,0.0,0.0,0.0,0.0,0.0,0.0,0.0,0.0,0.0,0.0,0.0,1.0,0.0,0.0,0.0,0.0,0.0,1.0,199.0,0.0,0.0,0.0,0.0,0.0,0.0,0.0,0.0,0.0
21733503900,371.0,"pichler, florian",university of aberdeen; university of surrey,united kingdom,2,0.0,0.0,0.0,0.0,0.0,0.0,0.0,0.0,0.0,0.0,0.0,0.0,0.0,0.0,0.0,1.0,0.0,0.0,0.0,0.0,0.0,1.0,199.0,0.0,0.0,0.0,0.0,0.0,0.0,0.0,0.0,0.0
12804420300,370.0,"kuipers, giselinde",ku leuven; university of amsterdam,belgium; netherlands,7,0.0,0.0,0.0,3.0,0.0,6.0,2.0,86.0,0.0,0.0,3.0,0.0,0.0,0.0,0.0,8.0,0.0,0.0,0.0,0.0,3.0,34.0,1.0,0.0,0.0,0.0,0.0,6.0,0.0,0.0,2.0,0.0
8627065800,370.0,"paulsen, krista e.",new york university; university of north florida,united states,2,0.0,0.0,0.0,0.0,0.0,0.0,0.0,0.0,0.0,0.0,0.0,0.0,0.0,0.0,0.0,4.0,1.0,0.0,0.0,0.0,0.0,2.0,4.0,0.0,0.0,0.0,0.0,0.0,0.0,0.0,0.0,0.0
16315818500,368.0,"gram-hanssen, kirsten",aalborg university,denmark,2,0.0,0.0,0.0,0.0,0.0,0.0,4.0,0.0,0.0,0.0,0.0,0.0,0.0,0.0,0.0,0.0,0.0,29.0,0.0,0.0,0.0,0.0,0.0,0.0,0.0,0.0,0.0,0.0,0.0,0.0,3.0,0.0
57325947600,368.0,"reynolds, john r.",florida state university,united states,3,0.0,0.0,0.0,0.0,0.0,0.0,0.0,0.0,0.0,0.0,0.0,0.0,0.0,0.0,0.0,34.0,0.0,0.0,0.0,0.0,0.0,2.0,0.0,0.0,0.0,0.0,0.0,0.0,0.0,0.0,0.0,0.0
6603559818,367.0,"dimaggio, paul",princeton university; sociology and public affairs at princeton university; yale university,united states,3,0.0,0.0,0.0,0.0,0.0,0.0,0.0,1.0,0.0,0.0,0.0,0.0,0.0,0.0,0.0,0.0,0.0,0.0,0.0,0.0,0.0,18.0,1.0,0.0,0.0,0.0,1.0,0.0,0.0,0.0,0.0,0.0
55330346900,367.0,"thomas, reuben j.",stanford university,united states,1,0.0,0.0,0.0,0.0,0.0,0.0,0.0,0.0,0.0,0.0,0.0,0.0,0.0,0.0,0.0,25.0,0.0,0.0,0.0,0.0,0.0,1.0,2.0,0.0,0.0,0.0,0.0,0.0,0.0,0.0,3.0,0.0
7801495729,367.0,"aschaffenburg, karen",prevision marketing,united states,1,0.0,0.0,0.0,0.0,0.0,0.0,0.0,0.0,0.0,0.0,0.0,0.0,0.0,0.0,0.0,32.0,0.0,0.0,0.0,0.0,0.0,97.0,0.0,0.0,0.0,0.0,0.0,0.0,0.0,0.0,0.0,0.0
6603542390,367.0,"diprete, thomas a.",columbia university; university of wisconsin; university of wisconsin-madison,united states,3,0.0,0.0,0.0,1.0,0.0,0.0,0.0,0.0,0.0,0.0,0.0,0.0,0.0,0.0,0.0,6.0,0.0,0.0,0.0,0.0,0.0,9.0,19.0,0.0,0.0,0.0,1.0,0.0,0.0,0.0,1.0,0.0
7401966599,365.0,"steinberg, marc w.",smith college,united states,1,0.0,0.0,0.0,0.0,0.0,0.0,0.0,0.0,0.0,0.0,0.0,0.0,0.0,0.0,0.0,0.0,0.0,0.0,0.0,0.0,0.0,0.0,0.0,0.0,0.0,0.0,0.0,0.0,0.0,0.0,0.0,0.0
6603852117,362.0,"molotch, h.",new york university,united states,1,0.0,0.0,0.0,0.0,0.0,0.0,0.0,0.0,0.0,0.0,0.0,0.0,0.0,0.0,0.0,4.0,1.0,0.0,0.0,0.0,0.0,2.0,4.0,0.0,0.0,0.0,0.0,0.0,0.0,0.0,0.0,0.0
7004002740,362.0,"freudenburg, w.",new york university,united states,1,0.0,0.0,0.0,0.0,0.0,0.0,0.0,0.0,0.0,0.0,0.0,0.0,0.0,0.0,0.0,4.0,1.0,0.0,0.0,0.0,0.0,2.0,4.0,0.0,0.0,0.0,0.0,0.0,0.0,0.0,0.0,0.0
7401914826,361.0,"sharp, jeff",the ohio state university,united states,2,0.0,0.0,0.0,1.0,0.0,0.0,0.0,0.0,3.0,0.0,1.0,0.0,0.0,0.0,0.0,1.0,0.0,0.0,0.0,0.0,1.0,1.0,44.0,0.0,0.0,0.0,1.0,0.0,0.0,0.0,10.0,0.0
56323834900,361.0,"beljean, stefan",harvard university,united states,2,0.0,0.0,0.0,0.0,0.0,5.0,0.0,3.0,4.0,0.0,0.0,0.0,0.0,0.0,3.0,9.0,0.0,0.0,0.0,0.0,0.0,0.0,1.0,0.0,0.0,0.0,0.0,0.0,0.0,0.0,1.0,0.0
56323773500,360.0,"clair, matthew",harvard university; stanford university,united states,2,0.0,0.0,0.0,0.0,0.0,2.0,0.0,0.0,4.0,0.0,0.0,0.0,0.0,0.0,3.0,9.0,0.0,0.0,0.0,0.0,0.0,2.0,1.0,0.0,0.0,0.0,0.0,0.0,0.0,0.0,1.0,0.0
54916654500,359.0,"bramwell, bill",sheffield hallam university,united kingdom,2,0.0,0.0,0.0,0.0,0.0,2.0,0.0,0.0,0.0,0.0,0.0,0.0,0.0,0.0,0.0,1.0,0.0,0.0,0.0,0.0,0.0,0.0,0.0,0.0,1.0,0.0,0.0,0.0,0.0,0.0,0.0,0.0
35745796700,358.0,"chang, richard c.y.",providence university,,1,0.0,0.0,0.0,0.0,0.0,0.0,0.0,0.0,0.0,0.0,0.0,0.0,0.0,0.0,0.0,0.0,0.0,0.0,0.0,0.0,0.0,3.0,0.0,0.0,0.0,0.0,0.0,0.0,0.0,0.0,0.0,0.0
8346511100,358.0,"small, mario l.",princeton university; university of chicago,united states,3,0.0,0.0,0.0,0.0,0.0,0.0,0.0,0.0,0.0,0.0,0.0,0.0,0.0,0.0,0.0,3.0,0.0,0.0,0.0,0.0,0.0,1.0,2.0,0.0,0.0,0.0,0.0,0.0,0.0,0.0,4.0,0.0
14058320800,358.0,"kivela, jakÅ¡a",the hong kong polytechnic university,hong kong,1,0.0,0.0,0.0,0.0,0.0,0.0,0.0,0.0,0.0,0.0,0.0,0.0,0.0,0.0,0.0,0.0,0.0,0.0,0.0,0.0,0.0,3.0,0.0,0.0,0.0,0.0,0.0,0.0,0.0,0.0,0.0,0.0
15848618200,358.0,"hamilton, laura t.",indiana university; university of california; university of california-merced; university of californiaâmerced,united states,5,0.0,0.0,0.0,0.0,0.0,0.0,1.0,0.0,2.0,0.0,0.0,0.0,0.0,0.0,0.0,13.0,0.0,0.0,0.0,0.0,0.0,5.0,11.0,0.0,0.0,0.0,0.0,0.0,0.0,0.0,4.0,0.0
7201662831,357.0,"mackenzie, donald",university of edinburgh,united kingdom,2,1.0,0.0,0.0,0.0,0.0,0.0,2.0,0.0,1.0,0.0,0.0,0.0,0.0,0.0,0.0,0.0,0.0,0.0,0.0,0.0,2.0,0.0,0.0,0.0,0.0,0.0,0.0,0.0,0.0,0.0,2.0,0.0
7801378548,356.0,"embrick, david g.",loyola university chicago; loyola university-chicago; texas a and m university,united states,3,0.0,0.0,0.0,11.0,0.0,0.0,3.0,0.0,0.0,0.0,0.0,0.0,0.0,0.0,0.0,1.0,0.0,0.0,0.0,0.0,0.0,0.0,0.0,0.0,0.0,0.0,0.0,2.0,0.0,0.0,50.0,0.0
7003650307,355.0,"palloni, alberto",university of wisconsin,united states,1,0.0,0.0,0.0,0.0,0.0,0.0,0.0,0.0,0.0,0.0,0.0,0.0,0.0,0.0,0.0,0.0,0.0,0.0,0.0,0.0,0.0,0.0,44.0,0.0,0.0,0.0,0.0,0.0,0.0,0.0,0.0,0.0
58589540000,355.0,"ceballos, miguel",university of wisconsin,united states,1,0.0,0.0,0.0,0.0,0.0,0.0,0.0,0.0,0.0,0.0,0.0,0.0,0.0,0.0,0.0,0.0,0.0,0.0,0.0,0.0,0.0,0.0,44.0,0.0,0.0,0.0,0.0,0.0,0.0,0.0,0.0,0.0
8435174400,354.0,"youdell, deborah",macquarie university; university of london,australia; united kingdom,2,0.0,0.0,0.0,0.0,0.0,0.0,1.0,0.0,0.0,0.0,0.0,0.0,0.0,0.0,0.0,2.0,0.0,1.0,0.0,0.0,0.0,0.0,0.0,0.0,0.0,0.0,0.0,0.0,0.0,0.0,10.0,0.0
6602929065,353.0,"wheaton, belinda",university of brighton; university of surrey roehampton,united kingdom,3,0.0,2.0,0.0,0.0,0.0,0.0,3.0,0.0,0.0,0.0,0.0,0.0,0.0,0.0,0.0,1.0,0.0,0.0,1.0,0.0,0.0,0.0,0.0,0.0,0.0,0.0,0.0,0.0,0.0,1.0,3.0,0.0
6602206142,353.0,"guppy, neil",,,2,0.0,0.0,0.0,1.0,0.0,0.0,0.0,0.0,0.0,0.0,0.0,0.0,0.0,0.0,0.0,3.0,0.0,0.0,0.0,0.0,0.0,75.0,2.0,0.0,0.0,0.0,0.0,0.0,0.0,0.0,1.0,0.0
35465167600,352.0,"rzhetsky, andrey",university of chicago,united states,1,0.0,0.0,0.0,0.0,0.0,0.0,1.0,2.0,0.0,0.0,0.0,0.0,0.0,0.0,3.0,0.0,0.0,0.0,0.0,0.0,4.0,0.0,0.0,0.0,0.0,0.0,0.0,0.0,0.0,0.0,19.0,0.0
25229725200,351.0,"crul, maurice",erasmus university rotterdam; sociology department; university of amsterdam,netherlands,4,0.0,0.0,0.0,0.0,0.0,1.0,0.0,0.0,0.0,0.0,0.0,0.0,0.0,0.0,0.0,7.0,0.0,1.0,0.0,0.0,0.0,12.0,13.0,0.0,1.0,0.0,0.0,0.0,0.0,0.0,11.0,0.0
6602713206,348.0,"lena, jennifer c.",vanderbilt university,united states,2,0.0,0.0,0.0,1.0,0.0,0.0,0.0,3.0,0.0,0.0,0.0,0.0,0.0,0.0,0.0,0.0,0.0,0.0,0.0,0.0,0.0,0.0,0.0,0.0,0.0,0.0,0.0,0.0,0.0,0.0,0.0,0.0
6603436528,347.0,"henwood, karen",,,1,0.0,0.0,0.0,0.0,0.0,1.0,1.0,0.0,2.0,0.0,0.0,0.0,0.0,0.0,0.0,0.0,0.0,0.0,0.0,0.0,0.0,0.0,0.0,0.0,0.0,0.0,1.0,0.0,0.0,0.0,1.0,0.0
58460541400,347.0,"gill, rosalind",,,1,0.0,0.0,0.0,0.0,0.0,1.0,1.0,0.0,2.0,0.0,0.0,0.0,0.0,0.0,0.0,0.0,0.0,0.0,0.0,0.0,0.0,0.0,0.0,0.0,0.0,0.0,1.0,0.0,0.0,0.0,1.0,0.0
7103396784,347.0,"mclean, carl",,,1,0.0,0.0,0.0,0.0,0.0,1.0,1.0,0.0,2.0,0.0,0.0,0.0,0.0,0.0,0.0,0.0,0.0,0.0,0.0,0.0,0.0,0.0,0.0,0.0,0.0,0.0,1.0,0.0,0.0,0.0,1.0,0.0
56690477300,346.0,"laurison, daniel",department of sociology; london school of economics and political science; sociology department; swarthmore college and london school of economics,united kingdom,5,0.0,0.0,0.0,1.0,0.0,0.0,0.0,1.0,0.0,0.0,0.0,0.0,0.0,0.0,0.0,12.0,0.0,0.0,0.0,0.0,0.0,19.0,12.0,0.0,1.0,0.0,0.0,0.0,0.0,0.0,3.0,0.0
14061103300,345.0,"sussman, andrew l",university of new mexico,united states,1,0.0,0.0,8.0,2.0,0.0,0.0,12.0,0.0,0.0,0.0,0.0,0.0,0.0,0.0,0.0,1.0,0.0,0.0,0.0,0.0,0.0,0.0,0.0,0.0,0.0,0.0,0.0,0.0,0.0,0.0,0.0,0.0
6701678305,345.0,"wallerstein, nina",university of new mexico,united states,1,0.0,0.0,8.0,2.0,0.0,0.0,12.0,0.0,0.0,0.0,0.0,0.0,0.0,0.0,0.0,1.0,0.0,0.0,0.0,0.0,0.0,0.0,0.0,0.0,0.0,0.0,0.0,0.0,0.0,0.0,0.0,0.0
6603548161,345.0,"desforges, luke",university of wales,united kingdom,1,0.0,0.0,0.0,0.0,0.0,0.0,4.0,0.0,0.0,0.0,0.0,0.0,0.0,0.0,0.0,0.0,2.0,0.0,1.0,0.0,0.0,6.0,0.0,0.0,0.0,0.0,0.0,0.0,0.0,0.0,0.0,0.0
55430313000,345.0,"muhammad, michael",university of new mexico,united states,1,0.0,0.0,8.0,2.0,0.0,0.0,12.0,0.0,0.0,0.0,0.0,0.0,0.0,0.0,0.0,1.0,0.0,0.0,0.0,0.0,0.0,0.0,0.0,0.0,0.0,0.0,0.0,0.0,0.0,0.0,0.0,0.0
15849341500,345.0,"venturini, tommaso",institut rhonalpin des systÃ¨mes,france,1,0.0,0.0,0.0,0.0,0.0,0.0,0.0,0.0,0.0,0.0,0.0,0.0,0.0,0.0,0.0,0.0,0.0,0.0,0.0,0.0,0.0,0.0,0.0,0.0,0.0,0.0,0.0,0.0,0.0,0.0,0.0,0.0
7402088970,345.0,"jensen, pablo",institut rhonalpin des systÃ¨mes,france,1,0.0,0.0,0.0,0.0,0.0,0.0,0.0,0.0,0.0,0.0,0.0,0.0,0.0,0.0,0.0,0.0,0.0,0.0,0.0,0.0,0.0,0.0,0.0,0.0,0.0,0.0,0.0,0.0,0.0,0.0,0.0,0.0
7801412341,345.0,"collyer, fran m.",university of sydney,australia,3,0.0,1.0,0.0,2.0,0.0,2.0,0.0,3.0,0.0,0.0,0.0,0.0,0.0,0.0,0.0,2.0,0.0,1.0,0.0,0.0,1.0,7.0,2.0,0.0,2.0,0.0,0.0,1.0,0.0,0.0,13.0,0.0
35339362900,344.0,"flemmen, magne",university of bergen; university of oslo,norway,10,1.0,0.0,0.0,255.0,0.0,5.0,6.0,30.0,0.0,0.0,4.0,0.0,0.0,0.0,0.0,18.0,5.0,5.0,0.0,0.0,4.0,222.0,0.0,3.0,2.0,0.0,3.0,20.0,0.0,4.0,73.0,62.0
7006785906,344.0,"go, julian",boston university; the university of chicago; university of chicago,united states,6,2.0,0.0,0.0,3.0,0.0,26.0,20.0,0.0,13.0,0.0,0.0,0.0,0.0,0.0,0.0,7.0,0.0,5.0,0.0,0.0,8.0,1.0,0.0,2.0,4.0,0.0,0.0,2.0,0.0,1.0,39.0,1.0
12790853300,344.0,"abend, gabriel",new york university; northwestern university,united states,2,0.0,0.0,0.0,0.0,0.0,0.0,0.0,0.0,2.0,0.0,2.0,0.0,0.0,0.0,0.0,1.0,0.0,0.0,0.0,0.0,0.0,0.0,0.0,0.0,0.0,0.0,0.0,0.0,0.0,1.0,0.0,0.0
6602422191,340.0,"ewick, patricia",clark university,united states,1,0.0,0.0,0.0,0.0,0.0,0.0,0.0,0.0,0.0,0.0,0.0,0.0,0.0,0.0,0.0,0.0,0.0,1.0,0.0,0.0,0.0,0.0,1.0,0.0,0.0,0.0,0.0,1.0,0.0,0.0,0.0,0.0
23099959900,339.0,"jansen, robert s.",university of michigan,united states,1,0.0,0.0,0.0,0.0,0.0,0.0,0.0,0.0,0.0,0.0,0.0,0.0,0.0,0.0,0.0,0.0,0.0,0.0,0.0,0.0,1.0,0.0,0.0,0.0,0.0,0.0,0.0,0.0,0.0,0.0,0.0,0.0
22634076200,337.0,"hughey, matthew w.",mississippi state university; university of connecticut; university of virginia,south africa; united states,7,0.0,0.0,0.0,2.0,0.0,23.0,4.0,3.0,1.0,2.0,0.0,0.0,0.0,0.0,0.0,28.0,0.0,0.0,0.0,0.0,0.0,8.0,4.0,3.0,0.0,0.0,2.0,5.0,0.0,0.0,0.0,0.0
35973079200,337.0,"wilcox, w. bradford",university of virginia,united states,2,0.0,0.0,0.0,1.0,0.0,0.0,0.0,0.0,0.0,0.0,0.0,0.0,0.0,0.0,0.0,0.0,0.0,0.0,0.0,0.0,0.0,0.0,0.0,0.0,0.0,0.0,0.0,0.0,0.0,0.0,19.0,0.0
7102623735,336.0,"waller, richard",university of the west of england,united kingdom,2,0.0,0.0,0.0,0.0,0.0,0.0,0.0,0.0,6.0,0.0,0.0,0.0,0.0,0.0,0.0,5.0,0.0,3.0,0.0,0.0,0.0,23.0,5.0,0.0,0.0,0.0,0.0,0.0,0.0,0.0,3.0,0.0
6701361573,336.0,"lobao, linda m.",the ohio state university,united states,3,0.0,0.0,0.0,0.0,0.0,0.0,0.0,0.0,4.0,0.0,0.0,0.0,0.0,0.0,0.0,5.0,0.0,0.0,0.0,0.0,1.0,0.0,3.0,0.0,0.0,0.0,0.0,0.0,0.0,0.0,11.0,0.0
7005771540,335.0,"friedland, roger",university of california,united states,3,0.0,0.0,0.0,0.0,0.0,0.0,1.0,0.0,0.0,0.0,0.0,0.0,0.0,0.0,0.0,13.0,0.0,0.0,0.0,0.0,0.0,0.0,0.0,1.0,0.0,0.0,0.0,0.0,0.0,0.0,4.0,1.0
55574228239,334.0,"lynch, kathleen",university college dublin; university college dublin equality studies centre,ireland,7,1.0,0.0,0.0,0.0,0.0,0.0,1.0,1.0,6.0,3.0,1.0,0.0,0.0,0.0,0.0,38.0,0.0,1.0,0.0,0.0,0.0,18.0,3.0,1.0,3.0,0.0,0.0,3.0,0.0,0.0,7.0,0.0
55415717800,333.0,"scott, susie",durham university; university of sussex,united kingdom,5,0.0,0.0,1.0,2.0,0.0,0.0,29.0,1.0,1.0,0.0,3.0,0.0,0.0,0.0,0.0,23.0,0.0,1.0,0.0,0.0,1.0,14.0,4.0,1.0,0.0,0.0,3.0,0.0,0.0,0.0,25.0,0.0
36896324000,333.0,"jonsson, jan o.",oxford university and stockholm university; stockholm university,sweden,3,0.0,0.0,0.0,0.0,0.0,0.0,0.0,0.0,0.0,0.0,0.0,0.0,0.0,0.0,0.0,1.0,0.0,0.0,0.0,0.0,0.0,7.0,0.0,0.0,0.0,0.0,0.0,0.0,0.0,0.0,0.0,0.0
9333553100,332.0,"bathmaker, ann-marie",university of birmingham,united kingdom,1,0.0,0.0,0.0,0.0,0.0,0.0,0.0,0.0,6.0,0.0,0.0,0.0,0.0,0.0,0.0,5.0,0.0,3.0,0.0,0.0,0.0,2.0,4.0,0.0,0.0,0.0,0.0,0.0,0.0,0.0,1.0,0.0
15730507500,331.0,"crozier, gill",bath college of higher education; roehampton university; university of cambridge,united kingdom,5,1.0,0.0,0.0,3.0,0.0,0.0,2.0,0.0,0.0,1.0,0.0,0.0,0.0,0.0,0.0,15.0,0.0,0.0,0.0,0.0,0.0,16.0,3.0,2.0,0.0,0.0,0.0,1.0,0.0,0.0,33.0,0.0
7004449314,330.0,"hakim, catherine",department of sociology,united kingdom,1,0.0,0.0,0.0,0.0,0.0,0.0,0.0,0.0,0.0,0.0,0.0,0.0,0.0,0.0,0.0,1.0,0.0,0.0,0.0,0.0,0.0,10.0,14.0,0.0,0.0,0.0,0.0,0.0,0.0,0.0,2.0,0.0
55597474500,330.0,"crage, suzanna m.",indiana university,united states,1,0.0,0.0,0.0,0.0,0.0,0.0,0.0,0.0,0.0,0.0,0.0,0.0,0.0,0.0,0.0,0.0,0.0,0.0,0.0,0.0,0.0,0.0,0.0,0.0,0.0,0.0,0.0,0.0,0.0,0.0,0.0,0.0
6603823816,330.0,"sullivan, oriel",ben gurion university; ben-gurion university; university college london,israel; united kingdom,4,0.0,0.0,0.0,0.0,0.0,1.0,0.0,0.0,0.0,0.0,0.0,0.0,0.0,0.0,0.0,2.0,0.0,0.0,0.0,0.0,0.0,53.0,0.0,0.0,0.0,0.0,0.0,0.0,0.0,0.0,0.0,2.0
6508134317,328.0,"lumbers, margaret",university of surrey,united kingdom,1,0.0,0.0,0.0,0.0,0.0,0.0,0.0,0.0,0.0,0.0,0.0,0.0,0.0,0.0,0.0,0.0,0.0,0.0,0.0,0.0,0.0,7.0,0.0,0.0,0.0,0.0,0.0,0.0,0.0,0.0,4.0,0.0
6603041532,328.0,"eves, anita",university of surrey,united kingdom,1,0.0,0.0,0.0,0.0,0.0,0.0,0.0,0.0,0.0,0.0,0.0,0.0,0.0,0.0,0.0,0.0,0.0,0.0,0.0,0.0,0.0,7.0,0.0,0.0,0.0,0.0,0.0,0.0,0.0,0.0,4.0,0.0
36470426700,328.0,"meijers, marijn h.c.",tilburg university,netherlands,1,0.0,0.0,0.0,0.0,0.0,0.0,0.0,0.0,0.0,0.0,0.0,0.0,0.0,0.0,0.0,0.0,0.0,0.0,0.0,0.0,0.0,0.0,1.0,0.0,0.0,0.0,0.0,0.0,0.0,0.0,0.0,0.0
12644967400,328.0,"nelissen, rob m.a.",tilburg university,netherlands,1,0.0,0.0,0.0,0.0,0.0,0.0,0.0,0.0,0.0,0.0,0.0,0.0,0.0,0.0,0.0,0.0,0.0,0.0,0.0,0.0,0.0,0.0,1.0,0.0,0.0,0.0,0.0,0.0,0.0,0.0,0.0,0.0
7004240106,328.0,"carolan, michael",colorado state university,united states,7,0.0,0.0,0.0,5.0,0.0,2.0,1.0,2.0,3.0,0.0,0.0,0.0,0.0,0.0,0.0,5.0,0.0,33.0,0.0,0.0,4.0,13.0,9.0,1.0,0.0,0.0,1.0,8.0,0.0,0.0,22.0,0.0
6506933732,328.0,"ronai, carol rambo",memphis state university,united states,1,0.0,0.0,0.0,0.0,0.0,0.0,0.0,0.0,0.0,0.0,0.0,0.0,0.0,0.0,0.0,0.0,0.0,0.0,0.0,0.0,0.0,0.0,0.0,0.0,0.0,0.0,0.0,0.0,0.0,0.0,0.0,0.0
35368117100,324.0,"byun, soo-yong",pennsylvania state university; the pennsylvania state university,united states,3,0.0,0.0,0.0,0.0,0.0,0.0,0.0,3.0,0.0,0.0,0.0,0.0,0.0,0.0,0.0,15.0,0.0,0.0,0.0,0.0,0.0,233.0,53.0,0.0,0.0,0.0,0.0,0.0,0.0,0.0,0.0,0.0
25028351100,323.0,"prieur, annick",aalborg university; university of aalborg; university of oslo,denmark; france,3,2.0,0.0,0.0,11.0,0.0,0.0,8.0,2.0,0.0,0.0,0.0,0.0,0.0,0.0,0.0,9.0,1.0,0.0,0.0,0.0,0.0,150.0,3.0,0.0,0.0,0.0,0.0,1.0,0.0,0.0,2.0,0.0
55465903100,322.0,"schneider, jens",imis; university of amsterdam,germany,2,0.0,0.0,0.0,0.0,0.0,0.0,0.0,0.0,0.0,0.0,0.0,0.0,0.0,0.0,0.0,5.0,0.0,1.0,0.0,0.0,0.0,7.0,11.0,0.0,0.0,0.0,0.0,0.0,0.0,0.0,8.0,0.0
